{"type":"FeatureCollection","metadata":{"eiendom":"3238 29/2","areal_eiendom_daa":1444.7,"laget":"2026-10-04","kilder":["Kartverket eiendom-API","NIBIO skogbruksplan/hogstklasser","NIBIO SR16 (SRV)","NIBIO MiS"],"merk":"Utkast basert på åpne data. Må kontrolleres i felt før det brukes som grunnlag for hogst."},"eiendomsgrense":{"type":"Polygon","coordinates":[[[11.073094319314484,60.24169944778936],[11.07322535050733,60.24147446947698],[11.073240275822869,60.24122471868938],[11.073238883591431,60.241211267569135],[11.073225009362616,60.2411804069209],[11.073210950025269,60.24115233355713],[11.073204346553155,60.24113932313594],[11.073181021961364,60.24109899948924],[11.073159056195985,60.24105730732141],[11.073137045114734,60.24101489730509],[11.073113645958713,60.24097053295102],[11.073095712299997,60.24092689157545],[11.073075099855739,60.24088374114511],[11.073061142511524,60.24084012746101],[11.073050021827072,60.24079566108563],[11.073049701539603,60.24075057687715],[11.073053367791191,60.240702825630414],[11.073065070481546,60.24065360153998],[11.073079571048067,60.240605770841704],[11.073100855995708,60.24055666649543],[11.073116529068868,60.240507380366175],[11.07313519647782,60.24045687980192],[11.073153693685951,60.240403687318675],[11.073170996571331,60.24035446553515],[11.073187994155559,60.24030327249717],[11.073205217537094,60.240252794481414],[11.073221071809751,60.24020637971661],[11.073238324468916,60.24015922454632],[11.073258188807824,60.240113375852985],[11.073277005294795,60.24007095665682],[11.073298329318403,60.240022480392206],[11.073316760018221,60.239973959513634],[11.073340689967196,60.23992669998975],[11.073371470125215,60.23987349517395],[11.073399437376366,60.23982437616715],[11.073427438577767,60.23977579553779],[11.073451469291085,60.23972727694646],[11.073476808621697,60.239679456453686],[11.073507466666316,60.23963290012703],[11.073545068699739,60.23959045677758],[11.073590691868475,60.23955201974694],[11.07363510625094,60.239508751354485],[11.07367677940748,60.23946498687149],[11.073719699793353,60.23942380763772],[11.07375851923115,60.239380626641264],[11.073794772264897,60.23933685700888],[11.073828217096622,60.23929438872498],[11.073861807203064,60.23924850503164],[11.073892575626953,60.23919799483374],[11.073920535867316,60.23914878598883],[11.073948506293615,60.239096882401775],[11.073977926060111,60.239045045972446],[11.074003189276457,60.23899318468708],[11.074025789688546,60.23893920935768],[11.074050997101892,60.238889324955466],[11.074074996811195,60.23883748340321],[11.074103012126974,60.23878629762805],[11.074128399777408,60.23873641039021],[11.074151050879339,60.23868324261407],[11.074172196858742,60.238631984564876],[11.074192124898556,60.238581464104406],[11.074215938028836,60.238529535617346],[11.074238748827879,60.23848175447784],[11.074264000972097,60.23843258787945],[11.074290595738786,60.23838465775447],[11.074328165875755,60.23833889133807],[11.074367128560295,60.238292294765735],[11.074405906112922,60.23824848547061],[11.074444883291399,60.23821069092944],[11.074485299544614,60.23817565827176],[11.074544495335648,60.238140511616194],[11.074597077390445,60.23810933057018],[11.074650828392201,60.23808235272794],[11.074711662791032,60.238055982656526],[11.07476577453817,60.238028999124786],[11.074802116884273,60.23801810162163],[11.074833170165746,60.2380092628395],[11.07486707111483,60.23799975078401],[11.074903379340215,60.237988314871444],[11.074916761743422,60.237959992174076],[11.07495446922371,60.23793640876716],[11.074990797555992,60.23790530210105],[11.0750378003251,60.23787160336608],[11.075087700573759,60.237835164720906],[11.075122499826545,60.237802734641214],[11.075130456973344,60.23778859839083],[11.07513184604526,60.23777914564535],[11.075138345549266,60.23774482286173],[11.075137966925489,60.237701715546024],[11.075134831475104,60.23766071718932],[11.075134632362223,60.23762901410983],[11.075134308372478,60.23759533695985],[11.075134060313694,60.23755429344397],[11.075128147503978,60.23750651226159],[11.075112884831338,60.237459416224965],[11.075093527207056,60.23741040820725],[11.075061921077738,60.23736195102486],[11.075027969068701,60.23731353052341],[11.07499099475934,60.237265875833714],[11.074954014882927,60.23721813140234],[11.074925161436731,60.237170349695724],[11.074893601197859,60.237122610313016],[11.07485927405738,60.23707967461241],[11.074822479649773,60.23704342411023],[11.074788307065,60.2370057853111],[11.074751552545493,60.23697016290154],[11.074725665319828,60.23694928054517],[11.074711930093354,60.236940603217505],[11.074688796295503,60.236908989308425],[11.07467003665211,60.236886558381165],[11.07465459449658,60.23686802762214],[11.07462043250674,60.23682769403996],[11.074591559462393,60.23678530172785],[11.074562742110958,60.23674093251594],[11.074531443846602,60.23669732064307],[11.074498495434915,60.236659033899336],[11.074467036141234,60.23662144241924],[11.074428808160764,60.23657964543719],[11.074386611372232,60.2365407847115],[11.074344193403967,60.23649842448104],[11.074300663343529,60.2364527583127],[11.074252911391238,60.23641173891584],[11.07419980156365,60.23636882724109],[11.074150531383408,60.236323789679005],[11.074094704763336,60.23628361501302],[11.074051288536877,60.236254024630995],[11.074032134494988,60.236245342126765],[11.073991364933136,60.23622047077235],[11.073941006559883,60.23618964158538],[11.07388122393261,60.236155456740875],[11.073825486202042,60.236125250511776],[11.07376150801659,60.23609041264063],[11.073694923169668,60.23605148379671],[11.073621430237186,60.23601185451485],[11.073556209933189,60.23597164680871],[11.073481414482872,60.2359314090745],[11.073407741625857,60.235891782491045],[11.073341163273954,60.23585294319489],[11.073278690098743,60.23581332116347],[11.073209314560298,60.235773088406965],[11.073150682203844,60.23573421467418],[11.073090876557476,60.235693922142225],[11.073032304871083,60.235650286993646],[11.072983207481773,60.23560794089831],[11.07294235151216,60.23557310065419],[11.072932711976621,60.23556633518374],[11.072892084857978,60.23554083254688],[11.072848410881285,60.23550998834814],[11.072803393495796,60.23547503344052],[11.072753052462156,60.23543872458102],[11.072695795851416,60.235395877119686],[11.072640016996969,60.23535354546486],[11.072584103188417,60.235311934449626],[11.072528324622041,60.23526960274585],[11.072475088540958,60.235224626547925],[11.072434259119664,60.235181612194616],[11.072383781044186,60.23513740125402],[11.072338665523196,60.23509229816137],[11.072307100687539,60.235047252858436],[11.07228105045191,60.23500086394602],[11.072263046720819,60.23495318170013],[11.07225605028887,60.23490532752828],[11.07224883375813,60.23485684805933],[11.072241668259661,60.23480917616562],[11.072240156821367,60.23479096647605],[11.072237369862759,60.2347868783226],[11.072235860414613,60.23475726156399],[11.072236810263044,60.234712247310874],[11.07224444133446,60.2346643443078],[11.072246855560419,60.234613918029744],[11.072246296728308,60.234559316685534],[11.072247277805785,60.234506218215245],[11.072252308000712,60.234454313969266],[11.072255865370657,60.234399109416664],[11.072256231004689,60.23439631931139],[11.072295962534108,60.23401019470208],[11.073263738787837,60.22999739923409],[11.072881128423953,60.230012899072],[11.072307232071662,60.23002788308102],[11.072191734133558,60.23002636391966],[11.072081562010293,60.23001766575149],[11.071985783863099,60.230008113943995],[11.071891778994937,60.229989462629405],[11.071564037300142,60.22988715707254],[11.07129189945559,60.229741587891745],[11.071328606899165,60.22963646517098],[11.071372444170468,60.22952413539044],[11.07148106321221,60.22937666272639],[11.071591084650327,60.22920850963457],[11.071619118802507,60.229120498088555],[11.071740795637046,60.22885093654027],[11.07181616526022,60.228726078344195],[11.072031878723513,60.22840142569564],[11.072179978571723,60.22823582093029],[11.07230218632053,60.2280291239541],[11.072259696118763,60.227768054338604],[11.07223441388782,60.227599319576655],[11.072256913858714,60.227509508090755],[11.072318387694374,60.227350555639724],[11.072308606907882,60.22728145776502],[11.072275049227601,60.227167552226426],[11.072241778260654,60.227103941002156],[11.072173176456916,60.226932649438425],[11.072080952597759,60.226739002551746],[11.07209739337361,60.22659898692649],[11.072097094703667,60.22639977240626],[11.07217887230035,60.22611053430041],[11.072161708144074,60.22604460560491],[11.071813051651949,60.22598223803557],[11.070820089781343,60.22576223692952],[11.069794509396662,60.22553159990596],[11.068705896983818,60.2253091236581],[11.068913713238732,60.22550070038429],[11.06657115323123,60.22581915868],[11.0665400319622,60.2256002153601],[11.066477032099021,60.22513880787457],[11.066444318973051,60.22477123863579],[11.066421205919097,60.22464504352083],[11.066409161348185,60.22453690926101],[11.066404829030448,60.22447383388846],[11.066392250627196,60.22437729461265],[11.06626713893545,60.224205533341646],[11.066290482056667,60.22416043977799],[11.066045864680296,60.224212842250886],[11.065688364551894,60.224284876240716],[11.064894469894996,60.224460797761566],[11.064482233451619,60.22454113549155],[11.063994011369275,60.224630648181],[11.0635901634503,60.22469226001768],[11.063201106016125,60.22475076634724],[11.062696720536524,60.224827412014264],[11.062214780234159,60.2248963416339],[11.062234962096744,60.224941655937954],[11.062271982999665,60.225025061169234],[11.062275794058008,60.22504835486551],[11.062279565623582,60.22506814623368],[11.062281538863095,60.22508518117055],[11.062285327289196,60.22509949331587],[11.062289053729025,60.22511569262431],[11.062293000066928,60.22513539145583],[11.062304128479308,60.225165936547654],[11.062309608101176,60.22517842601853],[11.062309675895701,60.225190999628026],[11.062313560267595,60.22521258562189],[11.062334176272893,60.22523606714053],[11.06239027385161,60.22526959564728],[11.062408195555562,60.22531054393576],[11.062426156820406,60.225354994549875],[11.062452298053044,60.22540605440529],[11.06248397534872,60.225461878406556],[11.062518279750082,60.22551640408665],[11.062555222655678,60.225575559322195],[11.062592143021314,60.22562860720497],[11.06263028117234,60.22568091759112],[11.062404537249371,60.2257149660611],[11.062733584266157,60.22603454550457],[11.062808192211973,60.226095360450884],[11.062923240824553,60.22624222181474],[11.062983733999681,60.22632553129356],[11.062942173833497,60.22649171409698],[11.062891423848452,60.22665247101202],[11.062773647049706,60.22678112697647],[11.062539913840755,60.226863442819294],[11.06238917636449,60.22693027650622],[11.062238477927174,60.227014983389154],[11.062051793637721,60.22711327323788],[11.062023368774632,60.22716095987952],[11.061975133051572,60.22720949336974],[11.061815902337836,60.22734813394258],[11.061744455564222,60.22740663873453],[11.061698378143811,60.22748666503178],[11.061674304368237,60.22760075000769],[11.061615671065708,60.227702258504614],[11.061585779081783,60.22776972801173],[11.061582705989363,60.22782717009421],[11.061570618087993,60.22788196788515],[11.061551696798174,60.22797172162983],[11.061665179238707,60.22811950658741],[11.061730696193397,60.228182169998604],[11.0616756755543,60.228349818938426],[11.061631457404493,60.22839909820349],[11.061597973647508,60.22844964773607],[11.061574017836762,60.22849951027556],[11.061559482860337,60.228552729345445],[11.06153163674642,60.228603909797584],[11.061491251823892,60.2286538479918],[11.06144017730822,60.22870035952521],[11.061391899207747,60.22873676786017],[11.061363506230844,60.22875912488452],[11.061323216778495,60.22880484004753],[11.06128985045971,60.22886014806996],[11.061283608276156,60.22891602263188],[11.061290823945308,60.22897052043512],[11.061311288981972,60.22902032141656],[11.06134974484659,60.22907478288451],[11.061412410460642,60.22912653285248],[11.061483037206026,60.22917276994215],[11.061537714152527,60.22922383562479],[11.06153677212596,60.22927495724916],[11.061507527146276,60.229326877974614],[11.061478090352262,60.229381496241565],[11.061475744350448,60.22943326841321],[11.061503060190024,60.22948574729704],[11.061513050346749,60.22953553138898],[11.0614959551929,60.22958537710328],[11.061480083461115,60.22963457507044],[11.061489712915384,60.22967286794305],[11.061509045547162,60.22971325550457],[11.061568871221128,60.2297427744419],[11.06161260028858,60.22975754373909],[11.061915090605485,60.22977754276592],[11.062238408635203,60.229809971631276],[11.062404908578266,60.22984717306086],[11.062629657941143,60.22994625209567],[11.062702255729267,60.22998644004997],[11.063200669381368,60.23001749127429],[11.063675697261004,60.23005573066966],[11.064085745990408,60.23008878189076],[11.06436701479232,60.230058447626135],[11.064545529131028,60.23004543024716],[11.064722091811209,60.23002435928847],[11.06489674115784,60.229984366055795],[11.065346971147791,60.229892568193904],[11.065917988068138,60.22978882808757],[11.066413363938427,60.229708538878135],[11.066877575066206,60.22966106822693],[11.066918807212428,60.23006622851433],[11.066949326426105,60.230390179591375],[11.066998861456431,60.23080383310498],[11.067058814366494,60.23126816187349],[11.0670956157868,60.23168605559114],[11.067103265173301,60.23181321004677],[11.067121616024961,60.232007023155056],[11.067137751543969,60.23216853590714],[11.06717799551842,60.232282697630694],[11.067122803780839,60.232306820738664],[11.067282271759836,60.23270223446374],[11.067469482311227,60.23317383136485],[11.06771692444834,60.23369829094511],[11.06793654213231,60.23416803489124],[11.068168334196647,60.2345757932047],[11.068381755167223,60.23495850857422],[11.068561691341841,60.235262704908266],[11.067616998604313,60.23535988425785],[11.066448783252621,60.2354930528863],[11.065429980008506,60.23559532281406],[11.064858343024827,60.235650656888886],[11.064604134162927,60.23568119932795],[11.063656471356875,60.23583776675232],[11.06296256087423,60.235950861721534],[11.062596193438438,60.23630631254926],[11.06222621997397,60.23664475272514],[11.061890176473629,60.236971347320505],[11.061623953550512,60.23724494081503],[11.0614614757672,60.23741318111042],[11.061265333509684,60.23765514653965],[11.06116012737581,60.237774713049774],[11.061118845910489,60.23779906650375],[11.06108637359586,60.237805498973565],[11.0610564323851,60.23786659179076],[11.060730185398052,60.237923933761735],[11.060345299720316,60.238065806806524],[11.060230358294046,60.23811097408169],[11.059920893934812,60.238214130474816],[11.05959868825768,60.23831002894274],[11.059429497550568,60.238524088524315],[11.059242161556003,60.23874265095427],[11.05918867032981,60.23880563570347],[11.059158425448087,60.23902023303078],[11.059150621153302,60.23915490266196],[11.059077849038147,60.23926183849035],[11.05903132255501,60.23931492483341],[11.058855735685848,60.23943297674729],[11.058557311166144,60.23956838303313],[11.058289623512893,60.23968121641674],[11.058081427326346,60.239806509494166],[11.058011326270597,60.239838045334714],[11.057915292132003,60.239977406538316],[11.05780703637433,60.24015809417327],[11.057643365333684,60.24039999922093],[11.057344333868022,60.24062963184509],[11.057163160779606,60.2407538756453],[11.056899407440637,60.24090086597844],[11.056376531009171,60.24097489713726],[11.056080800302066,60.24101244330561],[11.05587589359354,60.24109825136459],[11.055647261190357,60.2411975401731],[11.055489601138335,60.24127336434653],[11.055167695950527,60.24140068343014],[11.05510311510003,60.241436802733425],[11.054812893185982,60.241591204534984],[11.05469663103997,60.241653093499764],[11.054711908685784,60.24166049151345],[11.054788765991699,60.24169343245965],[11.054865364260598,60.24172511991356],[11.05494449568921,60.24175398371816],[11.055026644350937,60.241784866577525],[11.055106068432906,60.24181839632455],[11.05518676789041,60.2418492117137],[11.0552663784011,60.241882828298984],[11.055339440383115,60.24191861209845],[11.055419090581756,60.24195285671084],[11.055494426650693,60.24198456336436],[11.055570896931536,60.24201418657793],[11.0556477559259,60.24204712701644],[11.05572317679478,60.2420801795101],[11.055793014438523,60.24211062390205],[11.055869485281715,60.24214024694017],[11.055944900962634,60.242173209573664],[11.05602416941859,60.242204226278126],[11.05609954039934,60.24223647097004],[11.056172215444537,60.24226893703252],[11.056249120643404,60.242302594967256],[11.056326025999896,60.2423362528565],[11.056402762729874,60.242367218756286],[11.056475212863734,60.24239896959461],[11.056558018136558,60.24243451192913],[11.056635917029707,60.242466717148034],[11.056714002192718,60.24249900925423],[11.056787078797473,60.24253209749786],[11.056869568781885,60.242568363080565],[11.056946475396366,60.24260202060258],[11.057021848195113,60.242634264759616],[11.057103859913735,60.242665777226065],[11.05718613670605,60.242698632813976],[11.057264183560854,60.242730296469944],[11.057333719690265,60.24275876874131],[11.057423409088626,60.24278594050319],[11.057509527848186,60.24281667049835],[11.057582115498871,60.24284770007019],[11.05766286484143,60.24287923177558],[11.05774557656573,60.24291612212354],[11.057819077398111,60.24295593964034],[11.057888258165097,60.24299312955367],[11.057962628340265,60.24302952040209],[11.058028013129178,60.24306955349543],[11.058090527380697,60.243107026336915],[11.058150153878392,60.24314454393955],[11.058203930624895,60.24318960720058],[11.058257701888577,60.243234580707465],[11.058316504897913,60.24327624267208],[11.058371624397108,60.24332254250299],[11.058419992532112,60.243367779396756],[11.058472506554406,60.243412862142705],[11.058527508229893,60.24345727754773],[11.058583638346795,60.24349951977668],[11.058637027378479,60.24354126559509],[11.058692147780432,60.243587565286575],[11.058740742312152,60.24363351710782],[11.058793116140052,60.243679230640275],[11.058851170008817,60.24372620330722],[11.058900633888118,60.24376872847465],[11.058942150161014,60.24381416131851],[11.05898933520544,60.24386067383607],[11.059034383020753,60.24390192019643],[11.059077874506958,60.24393852011881],[11.059119533153071,60.243971825175876],[11.059131743988015,60.243985018686395],[11.059180334925411,60.24401938379877],[11.059236511928418,60.24406234358933],[11.059289236671868,60.24411074605363],[11.059337652326814,60.24415670044577],[11.05939278039865,60.24420308956322],[11.059448213094477,60.24425144994324],[11.059497633469089,60.24429325702689],[11.059547403525926,60.24433775322764],[11.059603626643186,60.244381430705715],[11.059653171394856,60.2444252118163],[11.059704329354332,60.24447166243195],[11.059757286677907,60.24452086948023],[11.059810887413382,60.244565934860354],[11.059864798429102,60.24461306123441],[11.059922370642322,60.24465519072546],[11.05997436435462,60.24469767624604],[11.06003124277113,60.244746013954625],[11.060085069851533,60.244791794266504],[11.060134576414976,60.24483494706983],[11.06017182629894,60.244867062797965],[11.060191500404986,60.244884002556155],[11.06020715848401,60.24489741191218],[11.060245367398782,60.24493041091832],[11.060297660858922,60.244974777859305],[11.060346383748811,60.24502270314825],[11.060401255385893,60.24506496419109],[11.060458575292413,60.245105929736326],[11.060508477575409,60.245152489376146],[11.06055902316913,60.245194907347404],[11.060611317480104,60.245239274158834],[11.060670786953384,60.2452856851821],[11.06072434509894,60.245330032326216],[11.060779443358,60.24537300825216],[11.060831602860084,60.24541809562519],[11.06088129750745,60.245461335064334],[11.06092669397251,60.245505180150374],[11.060984449590444,60.24555018055774],[11.061036705573002,60.24559391907539],[11.061087743264684,60.24563839504541],[11.061137252440526,60.24568154745636],[11.061186107453429,60.245720039435525],[11.061230162270048,60.24575115100039],[11.061248788321457,60.2457600232033],[11.061283039448972,60.24578751464036],[11.061328702022701,60.24583270274515],[11.061379785610693,60.24587789644655],[11.061433701063006,60.24592502215211],[11.06148634746918,60.245972077732105],[11.061534684372463,60.246016685314096],[11.06158741568994,60.24606508681873],[11.061643644514666,60.24610876339302],[11.061697430976201,60.24615382517041],[11.061747545373654,60.246203704371496],[11.061801326493683,60.24624867637353],[11.061853815979068,60.24629321932934],[11.061911698397232,60.246340193398865],[11.061964052766346,60.246382582762664],[11.062020367278823,60.24642760513648],[11.062070087662574,60.24647407723263],[11.06212375117587,60.24651716474497],[11.062181854392305,60.246564764003836],[11.062238784482139,60.24661381856914],[11.06228877062209,60.246661633740146],[11.06234578004938,60.24671194449224],[11.062403929085383,60.246760261497705],[11.062463212080594,60.24680649502408],[11.0625189697237,60.246857004798244],[11.062570440266192,60.24690542553087],[11.06262588791415,60.246953874249094],[11.062682469506335,60.247000239488756],[11.062739919854033,60.24704317808874],[11.062791182165428,60.24708827868282],[11.062846624807461,60.2471366375733],[11.06289897050488,60.24718172128786],[11.062947661005593,60.24722901745364],[11.062997383934595,60.24727548918427],[11.063047163321807,60.24731998400652],[11.06310391551635,60.24736904098848],[11.063161857953848,60.24741403759821],[11.063215208436956,60.24745497391048],[11.063272790146529,60.24749997608263],[11.063326581154051,60.24754503716788],[11.063378764424993,60.247587518484906],[11.06343005688115,60.247635941673536],[11.063482545177934,60.2476803942229],[11.06353467804686,60.247722067896795],[11.063588373969562,60.24776847764256],[11.063640597469236,60.24781158696867],[11.063685882328478,60.24785354671038],[11.06373587249396,60.247901361307626],[11.063785699025777,60.247946573686804],[11.063841719421532,60.24798683951005],[11.063899438270491,60.248031120742745],[11.06395492846865,60.24806870020224],[11.06401047505301,60.24810430274908],[11.064062349675469,60.24814472278057],[11.064116887047145,60.24818438282755],[11.064169726192452,60.248220027421056],[11.064226311202786,60.24825489518001],[11.06427931440323,60.24829314192561],[11.06432534493138,60.24832970073486],[11.06438847401132,60.24836231098356],[11.06445065567504,60.24839709159275],[11.064511703760399,60.24843395564104],[11.064572221168998,60.248465259151715],[11.064637753766348,60.2484958558816],[11.06470233867183,60.24852574877369],[11.0647381180324,60.24854585045041],[11.064758535190474,60.24855729906352],[11.064813157672448,60.248586807987486],[11.064831803557931,60.24859882306204],[11.064906443328082,60.248590386417526],[11.064922718325551,60.248587708081246],[11.064955132997266,60.248583072058814],[11.065054414198842,60.248575689018274],[11.06509936369931,60.24856924117395],[11.065211212594285,60.24855196201847],[11.065362622319167,60.24852014517943],[11.065474226441305,60.24848751058683],[11.065540791730674,60.24846851080739],[11.065562369222723,60.24846395348599],[11.065670293202333,60.24841880136447],[11.065726117763628,60.248404279973876],[11.065952958882532,60.24835080959897],[11.066174289846904,60.24827299388506],[11.066278631056901,60.24823409453379],[11.066519990437289,60.248178780380236],[11.066797370999316,60.248104402111665],[11.066838736440673,60.248092710170205],[11.06704423043855,60.248058971224644],[11.067298355727768,60.24801701944324],[11.067530954390035,60.247980432397334],[11.067795942401917,60.247933100918885],[11.068028443115752,60.24789211338754],[11.068266378155657,60.2478628070288],[11.068462909992416,60.24782453494366],[11.068659255817357,60.247789049849075],[11.068803467492598,60.247763538717294],[11.068863054039538,60.247757130858],[11.068924551572419,60.24776955515852],[11.068953460346641,60.247783834779646],[11.06899337611945,60.247777823348706],[11.069031028748093,60.247767446059164],[11.069101144218871,60.24774749091564],[11.069185898510003,60.24772757694586],[11.069383952660804,60.24767050757754],[11.06941089363147,60.24766505761342],[11.0695802094579,60.247625052582144],[11.0697064593435,60.24760413187382],[11.069891960147771,60.2475686344244],[11.070052494900079,60.247541250576965],[11.070263403195783,60.247507511936554],[11.070337271639515,60.24749836567673],[11.070503205730908,60.24747637600193],[11.070695977367002,60.24744444655162],[11.070838345103125,60.247412674615546],[11.070948021439376,60.24737826901898],[11.07111370885827,60.24732664214422],[11.071235811481609,60.247271563635586],[11.07131105497474,60.24720410281892],[11.071411396147663,60.247139214241365],[11.071625686829295,60.24700176943394],[11.071820608774422,60.24673510758611],[11.071679289970415,60.24651743677344],[11.071423294676793,60.24626922102349],[11.070891966260684,60.246004284085366],[11.07091274843968,60.24590991925335],[11.070895129343496,60.24578256136983],[11.070854280502273,60.24551338246587],[11.070558597247835,60.245031267021766],[11.070629124008,60.24470888390075],[11.07102940458558,60.24465575190557],[11.071000883679538,60.244513115283034],[11.071055479344189,60.244396306832165],[11.071060919645861,60.24405616700196],[11.071256802170867,60.243627546982594],[11.07147065856087,60.24335771559432],[11.071651451505403,60.24321091322726],[11.071781340003419,60.2428703572302],[11.072059678361633,60.24272337852753],[11.072407643790179,60.24233738098798],[11.072948765763234,60.24194908361975],[11.073094319314484,60.24169944778936]],[[11.06629447694951,60.225589130653006],[11.065627511014604,60.22548410082596],[11.064918459184478,60.225484990819496],[11.064872063138454,60.22554256853537],[11.06482962716488,60.225631521271495],[11.064808280555035,60.22565673344072],[11.064790598301435,60.22568278675862],[11.06477460708513,60.22570701736989],[11.064756953750816,60.225742141960346],[11.064746210690027,60.225763686123805],[11.064731938206235,60.22578079426828],[11.064719662352527,60.2258095478144],[11.064696607777798,60.225839187682986],[11.064686033997434,60.22586342377822],[11.064671784744665,60.225889513462064],[11.06466295185318,60.225901237605726],[11.064646960439218,60.22592546820191],[11.064639818613433,60.225935369641384],[11.06462558034581,60.22595876457586],[11.06461663452253,60.22596869409203],[11.064503455428191,60.22602102374379],[11.064422854594232,60.2260688044297],[11.064410351498355,60.226079597663805],[11.064406772176813,60.226085850884004],[11.064397780880897,60.2260921883289],[11.064504664085339,60.226120614289684],[11.06467253891614,60.22614261189899],[11.064714144405757,60.2261523833284],[11.06475942000702,60.22616308562833],[11.064804644575043,60.22617010612498],[11.064858776485185,60.22617806578309],[11.06492947236484,60.2261967255038],[11.064978175689967,60.22620737437219],[11.065028761541178,60.226213502962516],[11.065088548075535,60.22622236251033],[11.06513014277765,60.22623482855221],[11.065189823244783,60.22625347998765],[11.065247767246493,60.22627036205004],[11.065294881656405,60.22628732287891],[11.065367394524676,60.2263176305645],[11.065398239764786,60.226340054173995],[11.065423842139275,60.22636237977165],[11.065449304300039,60.22639108470405],[11.065482026461334,60.2264088982964],[11.065511129663218,60.22642946280473],[11.065547376160241,60.22645449685165],[11.065569325202931,60.22647328654551],[11.065594798550116,60.226499296704475],[11.065625796933052,60.226527017206394],[11.065658588417268,60.22655740435246],[11.06568938856823,60.22657623583589],[11.065713107235581,60.22658871061295],[11.06573481958157,60.226606605775885],[11.065754873770217,60.22661823942006],[11.065776619028583,60.226628050344374],[11.065798353345105,60.22664055600886],[11.065809336299102,60.22664864832826],[11.06583292019384,60.226664717947926],[11.065885504022122,60.22668249158929],[11.065901837295215,60.22669238677832],[11.065932688550427,60.22671202578378],[11.065948959717163,60.22672093392431],[11.065985376335313,60.22674865978129],[11.066014389052647,60.22676204006499],[11.066036201908162,60.22677005351331],[11.066070473857268,60.226778052545804],[11.066103009216388,60.22678428223527],[11.066133791403,60.22679134759551],[11.066155558739679,60.226795768969],[11.066195361464995,60.226805568025455],[11.066240581949357,60.226815372500646],[11.066271307698505,60.22682154051746],[11.066287589925597,60.22682775387193],[11.066307553277214,60.22683220332104],[11.066415956805288,60.22685889753702],[11.066509503674116,60.226873338249696],[11.066385522446458,60.225601185264544],[11.06629447694951,60.225589130653006]],[[11.067412620304829,60.22653564770216],[11.066614034867605,60.22647147573944],[11.06663298293603,60.2268641392406],[11.067053927450175,60.22683566469042],[11.067176397004557,60.22682477434224],[11.067412620304829,60.22653564770216]]]},"features":[{"type":"Feature","properties":{"BESTANDNR":"1-1","TEIG":"1","AREAL_DAA":7.8,"TRESLAG":"G","BONITET":20,"ALDER":63,"VOLUM_DAA":6.7,"TREANTALL":57,"MIDDELHOYDE":6.9,"MILJOFIGUR":null,"MERKNAD":"Avvik: HK 4 i planen (2013), men SR16 viser 6.7 m³/daa og 6.9 m høyde – trolig hogd eller glissen, kontroller","KILDE":"Tidligere skogbruksplan (NIBIO) + SR16","PLAN_HOGSTKLASSE":4,"PLAN_REGISTRERT":"2013","SR16_ALDER":23,"SR16_BONITET":20,"SR16_VOLUM_MB_DAA":7.9,"SR16_VOLUM_USIKKERHET_PST":60,"SR16_DEKNING_PST":98},"geometry":{"type":"Polygon","coordinates":[[[11.069652569999999,60.22698439],[11.069643950000001,60.226891720000005],[11.069647180000002,60.22688388],[11.0697898,60.22682451999999],[11.069827709999998,60.22682146999998],[11.070033,60.22681408],[11.070045629999997,60.226814109999985],[11.07022224,60.22683649],[11.070436639999999,60.226868380000006],[11.07061971,60.22687508],[11.07074577,60.22690049],[11.07074494,60.22699157000001],[11.07076379,60.22700104],[11.070934,60.227032830000006],[11.07111706,60.227039519999984],[11.071189649999999,60.22704283000001],[11.07120885,60.2270146],[11.07129167,60.22693470000001],[11.071361379999999,60.226906590000006],[11.071519709999999,60.22685511999999],[11.07169359,60.22683038],[11.07212697,60.22683563],[11.07211169,60.226803549999985],[11.072080950000002,60.226739000000016],[11.07208917,60.22666898999999],[11.072097389999998,60.226598989999985],[11.072097290000002,60.22653257999998],[11.072097189999997,60.22646618000001],[11.071781399999999,60.22646990999999],[11.07145504,60.22648313],[11.071248070000001,60.22648267000002],[11.071012930000002,60.22649261],[11.07092517,60.22649939],[11.07073921,60.22650245999999],[11.07055693,60.226488090000004],[11.070500850000002,60.22648273000001],[11.070311429999999,60.22648056000001],[11.070128900000002,60.22649236],[11.07007627,60.22649399],[11.069893709999997,60.22650927999997],[11.0697848,60.22652647999998],[11.06959869,60.22654699999999],[11.06945989,60.226559699999996],[11.06883148,60.22693571000001],[11.068954589999999,60.227007939999986],[11.06909612,60.22706794],[11.069247429999999,60.22709497999998],[11.06943053,60.22709696],[11.069604399999998,60.22707379999998],[11.069652569999999,60.22698439]]]}},{"type":"Feature","properties":{"BESTANDNR":"1-2","TEIG":"1","AREAL_DAA":4.7,"TRESLAG":"L","BONITET":17,"ALDER":58,"VOLUM_DAA":15.2,"TREANTALL":165,"MIDDELHOYDE":16.3,"MILJOFIGUR":null,"MERKNAD":null,"KILDE":"Tidligere skogbruksplan (NIBIO) + SR16","PLAN_HOGSTKLASSE":4,"PLAN_REGISTRERT":"2013","SR16_ALDER":47,"SR16_BONITET":17,"SR16_VOLUM_MB_DAA":17.9,"SR16_VOLUM_USIKKERHET_PST":12,"SR16_DEKNING_PST":96},"geometry":{"type":"Polygon","coordinates":[[[11.067624859999999,60.22717767],[11.067716519999998,60.22712902000001],[11.0679875,60.22703541],[11.068121180000002,60.22699558000001],[11.0682968,60.22697155],[11.068558489999997,60.22695343000001],[11.069173870000002,60.226584429999996],[11.069001720000001,60.22661196],[11.068836589999997,60.22663949999999],[11.068397490000002,60.22670307],[11.06821492,60.2267201],[11.067891909999998,60.226749029999986],[11.067589999999997,60.22677276999999],[11.0673407,60.22679663],[11.06719707,60.22679948],[11.067177965055132,60.2268228551372],[11.067176397004557,60.22682477434224],[11.067124468727297,60.22682939197001],[11.06705393,60.22683567],[11.06691361,60.22684516],[11.0667733,60.226854649999986],[11.06663298,60.22686413999999],[11.066661379999996,60.22704110999998],[11.066681110000001,60.22718424000001],[11.066719599999999,60.2271948],[11.066800139999998,60.22721068999999],[11.066971749999999,60.22724249],[11.066975239999998,60.22724423999999],[11.067154039999998,60.22725686],[11.067339970000003,60.22725728],[11.0674875,60.227236680000004],[11.067624859999999,60.22717767]]]}},{"type":"Feature","properties":{"BESTANDNR":"1-3","TEIG":"1","AREAL_DAA":23.1,"TRESLAG":"L","BONITET":17,"ALDER":18,"VOLUM_DAA":4.7,"TREANTALL":115,"MIDDELHOYDE":9.0,"MILJOFIGUR":null,"MERKNAD":"Treslag: plan G, SR16 L","KILDE":"Tidligere skogbruksplan (NIBIO) + SR16","PLAN_HOGSTKLASSE":2,"PLAN_REGISTRERT":"2013","SR16_ALDER":28,"SR16_BONITET":20,"SR16_VOLUM_MB_DAA":5.5,"SR16_VOLUM_USIKKERHET_PST":46,"SR16_DEKNING_PST":98},"geometry":{"type":"Polygon","coordinates":[[[11.069461279999999,60.22814677],[11.069542129999999,60.22812949999999],[11.06979502,60.228096920000006],[11.06997071,60.228065910000005],[11.07040976,60.22800931999998],[11.07044388,60.228005440000004],[11.07051234,60.22791601999999],[11.07062992,60.22783305],[11.0707474,60.22776107999999],[11.07088685,60.22770329000001],[11.071045199999999,60.227650249999996],[11.071209770000001,60.22760822],[11.0714881,60.22755545],[11.071668369999998,60.22752131],[11.07182037,60.22747296],[11.071940969999998,60.22740413999998],[11.071966939999998,60.227325670000006],[11.07184738,60.22727986],[11.0717502,60.2272027],[11.071785369999999,60.227154090000006],[11.071792510000002,60.22706301999999],[11.07166962,60.22703605],[11.071483289999998,60.22704191],[11.071189649999999,60.22704283000001],[11.07111706,60.227039519999984],[11.070934,60.227032830000006],[11.07076379,60.22700104],[11.07074494,60.22699157000001],[11.07074577,60.22690049],[11.07061971,60.22687508],[11.070436639999999,60.226868380000006],[11.07022224,60.22683649],[11.070045629999997,60.226814109999985],[11.070033,60.22681408],[11.069827709999998,60.22682146999998],[11.0697898,60.22682451999999],[11.069647180000002,60.22688388],[11.069643950000001,60.226891720000005],[11.069652569999999,60.22698439],[11.069604399999998,60.22707379999998],[11.06943053,60.22709696],[11.069247429999999,60.22709497999998],[11.06909612,60.22706794],[11.068954589999999,60.227007939999986],[11.06883148,60.22693571000001],[11.06808588,60.22738183],[11.067756359999999,60.22787577],[11.06781478,60.22788828000001],[11.06780672,60.22800168],[11.06779214,60.22806097],[11.06783693,60.22815006],[11.067864869999998,60.228164079999985],[11.06804007,60.228187169999984],[11.068461039999999,60.228189869999994],[11.068632900000003,60.22819375000001],[11.06882231,60.22819767],[11.0688784,60.22820303000001],[11.069060769999998,60.22820867999999],[11.0691029,60.22820528],[11.069461279999999,60.22814677]]]}},{"type":"Feature","properties":{"BESTANDNR":"1-4","TEIG":"1","AREAL_DAA":4.8,"TRESLAG":"L","BONITET":17,"ALDER":18,"VOLUM_DAA":7.4,"TREANTALL":135,"MIDDELHOYDE":12.2,"MILJOFIGUR":null,"MERKNAD":"Treslag: plan G, SR16 L","KILDE":"Tidligere skogbruksplan (NIBIO) + SR16","PLAN_HOGSTKLASSE":2,"PLAN_REGISTRERT":"2013","SR16_ALDER":42,"SR16_BONITET":18,"SR16_VOLUM_MB_DAA":8.7,"SR16_VOLUM_USIKKERHET_PST":23,"SR16_DEKNING_PST":94},"geometry":{"type":"Polygon","coordinates":[[[11.068558489999997,60.22695343000001],[11.0682968,60.22697155],[11.068121180000002,60.22699558000001],[11.0679875,60.22703541],[11.067716519999998,60.22712902000001],[11.067624859999999,60.22717767],[11.0674875,60.227236680000004],[11.067339970000003,60.22725728],[11.067154039999998,60.22725686],[11.066975239999998,60.22724423999999],[11.066971749999999,60.22724249],[11.066800139999998,60.22721068999999],[11.066719599999999,60.2271948],[11.066681110000001,60.22718424000001],[11.0666798,60.22732558000001],[11.06668949,60.22741632999998],[11.066696309999998,60.22743729],[11.06671962,60.22757344],[11.06671879,60.22766242999999],[11.06674251,60.22775322],[11.066812310000001,60.22779351000002],[11.066980369999998,60.22782879],[11.067327499999998,60.22784877999999],[11.0674888,60.22785787],[11.067562649999998,60.22785804],[11.0679307,60.22732985999998],[11.068558489999997,60.22695343000001]]]}},{"type":"Feature","properties":{"BESTANDNR":"1-5","TEIG":"1","AREAL_DAA":5.6,"TRESLAG":"G","BONITET":14,"ALDER":93,"VOLUM_DAA":6.4,"TREANTALL":46,"MIDDELHOYDE":5.9,"MILJOFIGUR":null,"MERKNAD":"Avvik: HK 4 i planen (2013), men SR16 viser 6.4 m³/daa og 5.9 m høyde – trolig hogd eller glissen, kontroller","KILDE":"Tidligere skogbruksplan (NIBIO) + SR16","PLAN_HOGSTKLASSE":4,"PLAN_REGISTRERT":"2013","SR16_ALDER":22,"SR16_BONITET":20,"SR16_VOLUM_MB_DAA":7.4,"SR16_VOLUM_USIKKERHET_PST":74,"SR16_DEKNING_PST":98},"geometry":{"type":"Polygon","coordinates":[[[11.070845230000002,60.227959690000006],[11.07102429,60.227944389999976],[11.07112264,60.22793065],[11.07141063,60.2278964],[11.07171604,60.22787441],[11.07182487,60.227865930000014],[11.072007389999998,60.22785586999999],[11.07227385983886,60.22785508000047],[11.072259696118763,60.227768054338604],[11.072253942289286,60.227729653182216],[11.07224705,60.22768368999999],[11.07223441,60.22759932],[11.07224566,60.22755441],[11.072256910000002,60.227509510000004],[11.072287649999998,60.22743003000001],[11.072296334435975,60.227407578765884],[11.072318387694374,60.227350555639724],[11.072308606907882,60.22728145776502],[11.072275049227601,60.227167552226426],[11.072241778260654,60.227103941002156],[11.072236944709378,60.2270918721891],[11.072222819999999,60.22705662],[11.072209259963188,60.22702274643174],[11.072173176456916,60.226932649438425],[11.072129558997553,60.226841064054526],[11.07212697,60.22683563],[11.07169359,60.22683038],[11.071519709999999,60.22685511999999],[11.071361379999999,60.226906590000006],[11.07129167,60.22693470000001],[11.07120885,60.2270146],[11.071189649999999,60.22704283000001],[11.071483289999998,60.22704191],[11.07166962,60.22703605],[11.071792510000002,60.22706301999999],[11.071785369999999,60.227154090000006],[11.0717502,60.2272027],[11.07184738,60.22727986],[11.071966939999998,60.227325670000006],[11.071940969999998,60.22740413999998],[11.07182037,60.22747296],[11.071668369999998,60.22752131],[11.0714881,60.22755545],[11.071209770000001,60.22760822],[11.071045199999999,60.227650249999996],[11.07088685,60.22770329000001],[11.0707474,60.22776107999999],[11.07062992,60.22783305],[11.07051234,60.22791601999999],[11.07044388,60.228005440000004],[11.07072582,60.227973379999995],[11.070845230000002,60.227959690000006]]]}},{"type":"Feature","properties":{"BESTANDNR":"1-6","TEIG":"1","AREAL_DAA":22.3,"TRESLAG":"L","BONITET":20,"ALDER":0,"VOLUM_DAA":1.6,"TREANTALL":12,"MIDDELHOYDE":1.5,"MILJOFIGUR":null,"MERKNAD":"Mulig hogd etter 2013: SR16 viser 1.6 m³/daa mot HK 4 i planen – kontroller","KILDE":"Tidligere skogbruksplan (NIBIO) + SR16","PLAN_HOGSTKLASSE":4,"PLAN_REGISTRERT":"2013","SR16_ALDER":5,"SR16_BONITET":17,"SR16_VOLUM_MB_DAA":1.8,"SR16_VOLUM_USIKKERHET_PST":645,"SR16_DEKNING_PST":98},"geometry":{"type":"Polygon","coordinates":[[[11.06749879,60.231614829999984],[11.06759397,60.23158098],[11.067869309999999,60.231511919999996],[11.06803965,60.231478300000006],[11.068219579999997,60.23146258999999],[11.06827195,60.231456239999986],[11.06845179,60.23144703],[11.068712959999997,60.231468939999985],[11.06908839,60.23150094],[11.069095550000002,60.231448950000015],[11.06912931,60.231359669999996],[11.06919895,60.23127536],[11.06943964,60.23109893],[11.069489029999998,60.2310682],[11.06959473,60.230974249999996],[11.06965768,60.23090293],[11.06971432,60.23081208000001],[11.06977148,60.23067898999999],[11.06979185,60.23061565999999],[11.069809339999999,60.23051982999999],[11.06999402,60.230380610000005],[11.07000061,60.230375749999986],[11.07007027,60.23028981999999],[11.07003452,60.23027346],[11.069861700000002,60.230242069999996],[11.069737690000002,60.230228700000005],[11.069561579999997,60.230198919999985],[11.06952576,60.230189059999994],[11.06934619,60.23017553],[11.06911426,60.23016833],[11.06908485,60.230168250000006],[11.06873857,60.23015908999999],[11.06840228,60.230135329999996],[11.068170469999998,60.23011839],[11.06814434,60.23011668],[11.067883089999999,60.2301029],[11.06756614,60.23010033],[11.06713809,60.23009741999999],[11.066921730000002,60.23009721999999],[11.06692644,60.23014722],[11.066934070000002,60.2302282],[11.066941699999997,60.23030918999999],[11.066949330000002,60.230390180000015],[11.06695445215727,60.23043298370033],[11.066969640488905,60.230559818158945],[11.06697905,60.23063836999998],[11.066983197432664,60.230673028348725],[11.066998861456431,60.23080383310498],[11.067026226908046,60.23101577731958],[11.06702884,60.231036],[11.067037076549441,60.231099806491244],[11.067058814366494,60.23126816187349],[11.067077262760172,60.231477651687165],[11.0670809,60.23151889999998],[11.06708826,60.23160248000001],[11.067095619999998,60.23168605999999],[11.067096368862073,60.231698573885154],[11.067097144031251,60.23171145943222],[11.06724624,60.23169046000001],[11.06749879,60.231614829999984]]]}},{"type":"Feature","properties":{"BESTANDNR":"1-7","TEIG":"1","AREAL_DAA":7.5,"TRESLAG":"L","BONITET":17,"ALDER":43,"VOLUM_DAA":9.6,"TREANTALL":98,"MIDDELHOYDE":9.9,"MILJOFIGUR":null,"MERKNAD":null,"KILDE":"Tidligere skogbruksplan (NIBIO) + SR16","PLAN_HOGSTKLASSE":3,"PLAN_REGISTRERT":"2013","SR16_ALDER":30,"SR16_BONITET":18,"SR16_VOLUM_MB_DAA":11.3,"SR16_VOLUM_USIKKERHET_PST":226,"SR16_DEKNING_PST":98},"geometry":{"type":"Polygon","coordinates":[[[11.067526870000002,60.23253479],[11.067646109999998,60.2324035],[11.067722139999999,60.23233222],[11.0677983,60.23224956],[11.067821749999998,60.232202499999985],[11.06801268,60.23208768],[11.068193509999999,60.23199721],[11.068242830000003,60.23197298000002],[11.06839383,60.23191655],[11.068508470000001,60.23189576],[11.06869162,60.23188331],[11.06880257,60.231896639999974],[11.06895552,60.23195073],[11.06901985,60.23203542999999],[11.069188190000002,60.23218893999999],[11.0691565,60.23208621999999],[11.069137660000003,60.232022779999994],[11.06910279,60.231933289999986],[11.069084260000002,60.23184384999998],[11.069086259999999,60.231678079999995],[11.06908839,60.23150094],[11.068712959999997,60.231468939999985],[11.06845179,60.23144703],[11.06827195,60.231456239999986],[11.068219579999997,60.23146258999999],[11.06803965,60.231478300000006],[11.067869309999999,60.231511919999996],[11.06759397,60.23158098],[11.06749879,60.231614829999984],[11.06724624,60.23169046000001],[11.067097144031251,60.23171145943222],[11.067099665237189,60.23175336906296],[11.067103269999999,60.231813210000006],[11.067107804252505,60.231861149914465],[11.067113463324365,60.2319209184607],[11.0671155,60.23194242000001],[11.06712162,60.23200701999999],[11.0671258892786,60.23204979759074],[11.06713063182961,60.23209726945709],[11.06713199,60.23211081000001],[11.06714214,60.232083319999994],[11.06714299,60.23209408],[11.06714743,60.23213012000001],[11.067164380000001,60.23218707],[11.067192999999998,60.23226278999998],[11.067210749999997,60.23230958],[11.06722851,60.232356370000005],[11.06725029,60.23241253],[11.067272069999998,60.23246867999999],[11.067292639999998,60.23251709],[11.06731321,60.2325655],[11.067338150000001,60.23262012],[11.06738889,60.23259450999997],[11.067526870000002,60.23253479]]]}},{"type":"Feature","properties":{"BESTANDNR":"1-8","TEIG":"1","AREAL_DAA":7.6,"TRESLAG":"L","BONITET":17,"ALDER":18,"VOLUM_DAA":7.7,"TREANTALL":126,"MIDDELHOYDE":10.0,"MILJOFIGUR":null,"MERKNAD":"Treslag: plan G, SR16 L","KILDE":"Tidligere skogbruksplan (NIBIO) + SR16","PLAN_HOGSTKLASSE":2,"PLAN_REGISTRERT":"2013","SR16_ALDER":30,"SR16_BONITET":19,"SR16_VOLUM_MB_DAA":9.0,"SR16_VOLUM_USIKKERHET_PST":27,"SR16_DEKNING_PST":99},"geometry":{"type":"Polygon","coordinates":[[[11.067821070000003,60.23306874],[11.067991479999998,60.233030249999985],[11.06804432,60.232984900000005],[11.06815956,60.23291373000001],[11.06817923,60.232908910000006],[11.06827279,60.23287236],[11.06832371,60.23285246],[11.068373649999998,60.23277623],[11.06837469,60.232690089999984],[11.06843455,60.232604139999985],[11.068880299999998,60.23249658],[11.06890324,60.23249177000001],[11.06906069,60.23244348],[11.069205139999998,60.232388660000005],[11.069340299999999,60.23229154999999],[11.06920367,60.232239129999996],[11.069188190000002,60.23218893999999],[11.06901985,60.23203542999999],[11.06895552,60.23195073],[11.06880257,60.231896639999974],[11.06869162,60.23188331],[11.068508470000001,60.23189576],[11.06839383,60.23191655],[11.068242830000003,60.23197298000002],[11.068193509999999,60.23199721],[11.06801268,60.23208768],[11.067821749999998,60.232202499999985],[11.0677983,60.23224956],[11.067722139999999,60.23233222],[11.067646109999998,60.2324035],[11.067526870000002,60.23253479],[11.06738889,60.23259450999997],[11.067338150000001,60.23262012],[11.06736308,60.23267475],[11.06738892,60.23272792000001],[11.06741475,60.23278109999998],[11.06744325,60.23284636],[11.06747174,60.232911609999995],[11.06751059,60.23299490000001],[11.067549429999996,60.23307818999999],[11.06756739,60.233118389999994],[11.0677064,60.233092779999986],[11.067821070000003,60.23306874]]]}},{"type":"Feature","properties":{"BESTANDNR":"1-9","TEIG":"1","AREAL_DAA":17.5,"TRESLAG":"G","BONITET":17,"ALDER":48,"VOLUM_DAA":20.1,"TREANTALL":120,"MIDDELHOYDE":16.3,"MILJOFIGUR":null,"MERKNAD":null,"KILDE":"Tidligere skogbruksplan (NIBIO) + SR16","PLAN_HOGSTKLASSE":3,"PLAN_REGISTRERT":"2013","SR16_ALDER":51,"SR16_BONITET":17,"SR16_VOLUM_MB_DAA":23.3,"SR16_VOLUM_USIKKERHET_PST":41,"SR16_DEKNING_PST":98},"geometry":{"type":"Polygon","coordinates":[[[11.070580039999998,60.233084129999995],[11.070646420000001,60.232999589999984],[11.07072647,60.232942939999994],[11.07082545,60.232864299999974],[11.070861170000002,60.23280636],[11.07088512,60.232755350000005],[11.07095386,60.23266848999999],[11.071043389999998,60.23259909999999],[11.07113538,60.23252044],[11.07116903,60.23243928],[11.07117026,60.23233712],[11.07115716,60.232261629999996],[11.07116991,60.232171120000004],[11.07135332,60.23206022000001],[11.07135567,60.23205905999998],[11.07154003,60.232063089999976],[11.07160758,60.23207490000001],[11.071770390000001,60.23212414000001],[11.071816559999998,60.232167229999995],[11.07166043,60.23233973999998],[11.071608529999999,60.232384859999996],[11.07167053,60.23247094999999],[11.07183645,60.23245518],[11.071937349999999,60.23241136999998],[11.07210588,60.232373559999985],[11.07226449,60.23238332],[11.0724489,60.23238385999999],[11.07248263,60.23229572999999],[11.07249619,60.232137900000005],[11.072521489999998,60.23197428999999],[11.072522330000002,60.231903479999986],[11.072474350000002,60.23181627000001],[11.072315399999999,60.23176570999998],[11.07217643,60.23178801999999],[11.07198975,60.231821599999996],[11.07185227,60.2318407],[11.071665830000002,60.23185477],[11.0712796,60.23190563000001],[11.070912839999998,60.23196792999999],[11.07078513,60.23198868],[11.07060523,60.23200277000001],[11.070333449999998,60.232047470000005],[11.0703138,60.23205066],[11.07014346,60.23208428000001],[11.06999576,60.23213748],[11.06971717,60.23220491000001],[11.069540269999997,60.23224013],[11.069507469999998,60.23224978999997],[11.069340299999999,60.23229154999999],[11.069205139999998,60.232388660000005],[11.06906069,60.23244348],[11.06890324,60.23249177000001],[11.068880299999998,60.23249658],[11.06843455,60.232604139999985],[11.06837469,60.232690089999984],[11.068373649999998,60.23277623],[11.06832371,60.23285246],[11.06827279,60.23287236],[11.068417539999999,60.23293074999999],[11.068603909999998,60.23292318999999],[11.06867901,60.232928290000004],[11.068851840000002,60.23295968],[11.068929900000002,60.23299079000001],[11.06893876,60.23306883000001],[11.06898344,60.23315834999999],[11.06900287,60.23317303],[11.06911641,60.233243259999995],[11.0691555,60.23325313],[11.06928624,60.23325189],[11.06930033,60.233167419999994],[11.06924255,60.23308111000001],[11.06926603,60.2330308],[11.069413440000002,60.233001980000004],[11.0695634,60.23303331],[11.06965727,60.23310835],[11.06983345,60.233133249999995],[11.069862839999999,60.23313497],[11.06996343,60.2331954],[11.070123090000001,60.23323488],[11.070295920000001,60.23326627],[11.070471200000002,60.23320569999999],[11.070580039999998,60.233084129999995]]]}},{"type":"Feature","properties":{"BESTANDNR":"1-10","TEIG":"1","AREAL_DAA":12.8,"TRESLAG":"L","BONITET":17,"ALDER":13,"VOLUM_DAA":10.9,"TREANTALL":122,"MIDDELHOYDE":11.4,"MILJOFIGUR":null,"MERKNAD":"Treslag: plan G, SR16 L","KILDE":"Tidligere skogbruksplan (NIBIO) + SR16","PLAN_HOGSTKLASSE":1,"PLAN_REGISTRERT":"2013","SR16_ALDER":50,"SR16_BONITET":9,"SR16_VOLUM_MB_DAA":12.7,"SR16_VOLUM_USIKKERHET_PST":29,"SR16_DEKNING_PST":95},"geometry":{"type":"Polygon","coordinates":[[[11.0705514,60.233525179999994],[11.07069434,60.233480330000006],[11.07087277,60.23339495],[11.07091267,60.23337766000001],[11.07098837,60.23329429999998],[11.07102365,60.233272349999986],[11.07119254,60.23320436],[11.07128862,60.233173300000004],[11.071457129999999,60.23313664999999],[11.071480670000001,60.23312047000001],[11.071506869999999,60.23307643999999],[11.07149163,60.23298468000001],[11.07150158,60.232933629999984],[11.071560969999998,60.232847899999996],[11.07169937,60.23279143],[11.07174364,60.23279853000001],[11.071873560000002,60.23286508000001],[11.071940759999999,60.23290706999999],[11.0720543,60.23297706],[11.072068239999998,60.23298290999998],[11.072275029999998,60.23306362000001],[11.072506367783394,60.23313784928875],[11.07266482711607,60.232480843360314],[11.07267468,60.23243997],[11.072695719999999,60.23235274000001],[11.07271676,60.2322655],[11.072737800000002,60.232178270000006],[11.07275884,60.23209102999999],[11.072767156425654,60.23205655088008],[11.072831406783282,60.231790141402385],[11.07284299,60.231742090000004],[11.07286403,60.23165486],[11.07288507,60.23156761999999],[11.072897370649413,60.231516622637656],[11.072937588021304,60.2313498593913],[11.072948179999997,60.23130592],[11.07296922,60.231218690000006],[11.07299026,60.23113145000001],[11.072990327689125,60.23113116936753],[11.073020141951206,60.23100754046245],[11.07303233,60.23095697999999],[11.07305337,60.23086974999999],[11.07306884130388,60.23080560001744],[11.07310695024591,60.2306475729013],[11.073116480000001,60.23060804],[11.07313471606188,60.23053243490811],[11.073168403443491,60.23039274059425],[11.07317959,60.23034634000001],[11.073200629999999,60.2302591],[11.073203774932002,60.230246061415414],[11.073232842757358,60.23012552144182],[11.0732427,60.23008462999999],[11.073257798422947,60.23002203330425],[11.073263738589347,60.22999740005717],[11.0731362,60.23000257],[11.073056753108029,60.230005784520685],[11.072959500510713,60.230009724249896],[11.07297994,60.230179809999996],[11.07298609,60.23021232999999],[11.07299481,60.23030336999999],[11.07292641,60.23055831999999],[11.07284206,60.230780730000006],[11.07281189,60.23084402],[11.0728103,60.23097729],[11.072809699999999,60.23102767000001],[11.07278795,60.231206379999996],[11.07270628,60.23147755000001],[11.072668960000001,60.23159283000001],[11.072628660000001,60.23168371999999],[11.07261218,60.231695050000006],[11.072454739999998,60.23174333999999],[11.072315399999999,60.23176570999998],[11.072474350000002,60.23181627000001],[11.072522330000002,60.231903479999986],[11.072521489999998,60.23197428999999],[11.07249619,60.232137900000005],[11.07248263,60.23229572999999],[11.0724489,60.23238385999999],[11.07226449,60.23238332],[11.07210588,60.232373559999985],[11.071937349999999,60.23241136999998],[11.07183645,60.23245518],[11.07167053,60.23247094999999],[11.071608529999999,60.232384859999996],[11.07166043,60.23233973999998],[11.071816559999998,60.232167229999995],[11.071770390000001,60.23212414000001],[11.07160758,60.23207490000001],[11.07154003,60.232063089999976],[11.07135567,60.23205905999998],[11.07135332,60.23206022000001],[11.07116991,60.232171120000004],[11.07115716,60.232261629999996],[11.07117026,60.23233712],[11.07116903,60.23243928],[11.07113538,60.23252044],[11.071043389999998,60.23259909999999],[11.07095386,60.23266848999999],[11.07088512,60.232755350000005],[11.070861170000002,60.23280636],[11.07082545,60.232864299999974],[11.07072647,60.232942939999994],[11.070646420000001,60.232999589999984],[11.070580039999998,60.233084129999995],[11.070471200000002,60.23320569999999],[11.070295920000001,60.23326627],[11.07030234,60.23327604],[11.07025553,60.233363660000016],[11.07023236,60.233387969999995],[11.07011067,60.23345262000001],[11.07003134,60.233503279999994],[11.070152090000002,60.2335356],[11.07023832,60.233547469999976],[11.07042747,60.233542220000004],[11.0705514,60.233525179999994]]]}},{"type":"Feature","properties":{"BESTANDNR":"1-11","TEIG":"1","AREAL_DAA":18.2,"TRESLAG":"G","BONITET":17,"ALDER":53,"VOLUM_DAA":18.4,"TREANTALL":128,"MIDDELHOYDE":15.7,"MILJOFIGUR":null,"MERKNAD":null,"KILDE":"Tidligere skogbruksplan (NIBIO) + SR16","PLAN_HOGSTKLASSE":3,"PLAN_REGISTRERT":"2013","SR16_ALDER":49,"SR16_BONITET":17,"SR16_VOLUM_MB_DAA":21.5,"SR16_VOLUM_USIKKERHET_PST":35,"SR16_DEKNING_PST":100},"geometry":{"type":"Polygon","coordinates":[[[11.068616900000002,60.23428352999999],[11.068796800000001,60.23427107],[11.068881750000001,60.23427295],[11.06906138,60.23428323],[11.06906792,60.234283250000004],[11.069251089999998,60.23427079999999],[11.069303549999999,60.23425633000001],[11.06940584,60.23417537000001],[11.069429000000001,60.234152690000016],[11.069573460000003,60.23409786],[11.06965845,60.23409649],[11.069766249999999,60.23410005999999],[11.06990277,60.23416222],[11.06990923,60.23416874],[11.07003262,60.234235739999995],[11.07021878,60.23424605],[11.070320269999998,60.23423172],[11.07045177,60.23416710999999],[11.070471539999996,60.23415415999999],[11.07060629,60.23409118000001],[11.07061617,60.23408470999999],[11.07068581,60.2340004],[11.07064051,60.23396289],[11.070520409999999,60.23389427000001],[11.070462099999999,60.23385183999999],[11.07044029,60.23376239],[11.07036935,60.23368255],[11.070264989999998,60.233664360000006],[11.0700854,60.23365081999999],[11.070030059999999,60.233632779999986],[11.06997227,60.23354647],[11.06997893,60.233536740000005],[11.07003134,60.233503279999994],[11.07011067,60.23345262000001],[11.07023236,60.233387969999995],[11.07025553,60.233363660000016],[11.07030234,60.23327604],[11.070295920000001,60.23326627],[11.070123090000001,60.23323488],[11.06996343,60.2331954],[11.069862839999999,60.23313497],[11.06983345,60.233133249999995],[11.06965727,60.23310835],[11.0695634,60.23303331],[11.069413440000002,60.233001980000004],[11.06926603,60.2330308],[11.06924255,60.23308111000001],[11.06930033,60.233167419999994],[11.06928624,60.23325189],[11.0691555,60.23325313],[11.06911641,60.233243259999995],[11.06900287,60.23317303],[11.06898344,60.23315834999999],[11.06893876,60.23306883000001],[11.068929900000002,60.23299079000001],[11.068851840000002,60.23295968],[11.06867901,60.232928290000004],[11.068603909999998,60.23292318999999],[11.068417539999999,60.23293074999999],[11.06827279,60.23287236],[11.06817923,60.232908910000006],[11.06815956,60.23291373000001],[11.06804432,60.232984900000005],[11.067991479999998,60.233030249999985],[11.067821070000003,60.23306874],[11.0677064,60.233092779999986],[11.06756739,60.233118389999994],[11.06757613,60.23313795],[11.067602839999997,60.233197709999985],[11.06762954,60.233257470000005],[11.06766153,60.23332231999999],[11.067693520000002,60.23338716000001],[11.067725099999999,60.233453989999994],[11.06775667,60.23352082],[11.06779683,60.23360197],[11.06783698,60.233683129999996],[11.0678804,60.23377015999999],[11.067923809999998,60.233857189999995],[11.06796756,60.23394381],[11.068011320000002,60.234030430000004],[11.06805462,60.23411432000001],[11.06809793,60.234198209999995],[11.06813718,60.23427929],[11.068176429999998,60.23436036999999],[11.06848261,60.23430751],[11.068616900000002,60.23428352999999]]]}},{"type":"Feature","properties":{"BESTANDNR":"1-12","TEIG":"1","AREAL_DAA":10.4,"TRESLAG":"L","BONITET":17,"ALDER":13,"VOLUM_DAA":6.6,"TREANTALL":116,"MIDDELHOYDE":10.7,"MILJOFIGUR":null,"MERKNAD":"Treslag: plan G, SR16 L","KILDE":"Tidligere skogbruksplan (NIBIO) + SR16","PLAN_HOGSTKLASSE":1,"PLAN_REGISTRERT":"2013","SR16_ALDER":38,"SR16_BONITET":18,"SR16_VOLUM_MB_DAA":7.7,"SR16_VOLUM_USIKKERHET_PST":26,"SR16_DEKNING_PST":100},"geometry":{"type":"Polygon","coordinates":[[[11.06891189,60.23502551],[11.0690918,60.235013050000006],[11.069196660000001,60.23499061],[11.06935766,60.23491958],[11.06946932,60.234874399999995],[11.06961704,60.23482121],[11.06972244,60.23475326999999],[11.06979489,60.23470798000001],[11.06996199,60.23467271999999],[11.070056400000002,60.23470387999999],[11.070117480000002,60.23478857],[11.07020535,60.23481971],[11.07038159,60.23483974],[11.070544919999998,60.23484671999999],[11.07063968,60.234848630000016],[11.07081958,60.23483616],[11.070872130000001,60.23481519],[11.07091244,60.2347243],[11.070902969999999,60.23469664],[11.0708485,60.23460546999999],[11.070777629999998,60.23451911999999],[11.07078507,60.234444379999985],[11.070828610000001,60.23435675],[11.07082277,60.23429822999999],[11.07080391,60.23423641],[11.070733059999998,60.23414843999999],[11.07061617,60.23408470999999],[11.07060629,60.23409118000001],[11.070471539999996,60.23415415999999],[11.07045177,60.23416710999999],[11.070320269999998,60.23423172],[11.07021878,60.23424605],[11.07003262,60.234235739999995],[11.06990923,60.23416874],[11.06990277,60.23416222],[11.069766249999999,60.23410005999999],[11.06965845,60.23409649],[11.069573460000003,60.23409786],[11.069429000000001,60.234152690000016],[11.06940584,60.23417537000001],[11.069303549999999,60.23425633000001],[11.069251089999998,60.23427079999999],[11.06906792,60.234283250000004],[11.06906138,60.23428323],[11.068881750000001,60.23427295],[11.068796800000001,60.23427107],[11.068616900000002,60.23428352999999],[11.06848261,60.23430751],[11.068176429999998,60.23436036999999],[11.068219839999998,60.23444439000001],[11.068263249999998,60.234528420000004],[11.068302289999998,60.234601949999984],[11.06834133,60.23467549],[11.06839185,60.23475626000001],[11.06844237,60.234837029999994],[11.06847784,60.23490397],[11.068513309999998,60.23497091999999],[11.06855568,60.23503987],[11.068578289999998,60.23507666],[11.06877447,60.235038100000004],[11.06891189,60.23502551]]]}},{"type":"Feature","properties":{"BESTANDNR":"1-13","TEIG":"1","AREAL_DAA":35.5,"TRESLAG":"G","BONITET":17,"ALDER":68,"VOLUM_DAA":27.6,"TREANTALL":163,"MIDDELHOYDE":18.4,"MILJOFIGUR":null,"MERKNAD":null,"KILDE":"Tidligere skogbruksplan (NIBIO) + SR16","PLAN_HOGSTKLASSE":4,"PLAN_REGISTRERT":"2013","SR16_ALDER":61,"SR16_BONITET":17,"SR16_VOLUM_MB_DAA":32.1,"SR16_VOLUM_USIKKERHET_PST":17,"SR16_DEKNING_PST":100},"geometry":{"type":"Polygon","coordinates":[[[11.07425291,60.23641174],[11.074199799999999,60.23636882999999],[11.07415053,60.23632379],[11.074094709999999,60.236283619999995],[11.07408597237329,60.236277663447424],[11.074051288536877,60.236254024630995],[11.074032134494988,60.236245342126765],[11.074032133919268,60.23624534177556],[11.07403213,60.23624533999999],[11.07399136,60.23622047],[11.073972304751543,60.23620880221749],[11.073941006559883,60.23618964158538],[11.073917566734917,60.23617623825899],[11.07388122,60.236155460000006],[11.0738434826304,60.236135003415576],[11.073825486202042,60.236125250511776],[11.07376150801659,60.23609041264063],[11.073694923169668,60.23605148379671],[11.073621430237186,60.23601185451485],[11.073583535020628,60.23598849248507],[11.07355621,60.23597165],[11.073481410000001,60.23593141],[11.073431783033692,60.23590471371169],[11.073407741625857,60.235891782491045],[11.073341163273954,60.23585294319489],[11.073278690098743,60.23581332116347],[11.073209314560298,60.235773088406965],[11.073150682203844,60.23573421467418],[11.073090876557476,60.235693922142225],[11.073032304871083,60.235650286993646],[11.072983207481773,60.23560794089831],[11.07294940188565,60.235579112920966],[11.07294235,60.2355731],[11.07293271,60.235566340000005],[11.07289208,60.235540829999984],[11.072848409999999,60.23550998999999],[11.072814065142472,60.235483319723464],[11.072803393495796,60.23547503344052],[11.072753052462156,60.23543872458102],[11.072695795851416,60.235395877119686],[11.072689874939647,60.23539138363123],[11.07264002,60.23535354999999],[11.072610632382943,60.23533167747296],[11.072584103188417,60.235311934449626],[11.072543543348884,60.23528115261923],[11.07252832,60.2352696],[11.07247509,60.23522463],[11.07245956743573,60.23520827486645],[11.072434259119664,60.235181612194616],[11.072383781044186,60.23513740125402],[11.072338665523196,60.23509229816137],[11.072307100687539,60.235047252858436],[11.07228105045191,60.23500086394602],[11.072263046720819,60.23495318170013],[11.072257139451272,60.23491277718748],[11.07225605,60.234905330000004],[11.07224883,60.23485685000001],[11.072243268484888,60.234819822439526],[11.072241668259661,60.23480917616562],[11.072240156821367,60.23479096647605],[11.072238944955343,60.23478918880563],[11.07223737,60.23478688],[11.072237369918666,60.23478687840461],[11.072237369862759,60.2347868783226],[11.072237167904838,60.2347829157265],[11.07223586,60.23475726],[11.07223681,60.23471225000001],[11.072236810237817,60.23471224850642],[11.072236810263044,60.234712247310874],[11.072237162305926,60.23471003741293],[11.07223945,60.234695669999994],[11.072244439999999,60.23466433999999],[11.072245053784865,60.23465155198137],[11.072246855560419,60.234613918029744],[11.072246296728308,60.234559316685534],[11.072247277805785,60.234506218215245],[11.072252308000712,60.234454313969266],[11.072253184639814,60.23444070998136],[11.072255860000002,60.23439911000001],[11.07225623,60.234396319999995],[11.072258621708237,60.2343730858676],[11.072267134019809,60.23429036089355],[11.07227212,60.234241870000005],[11.072280069999998,60.23416464],[11.072280992636768,60.23415567825442],[11.072292415712528,60.23404466426241],[11.072295959999998,60.23401019],[11.072317,60.233922959999994],[11.07233804,60.23383573],[11.072347091632569,60.233798216305516],[11.072506367783394,60.23313784928875],[11.072275029999998,60.23306362000001],[11.072068239999998,60.23298290999998],[11.0720543,60.23297706],[11.071940759999999,60.23290706999999],[11.071873560000002,60.23286508000001],[11.07174364,60.23279853000001],[11.07169937,60.23279143],[11.071560969999998,60.232847899999996],[11.07150158,60.232933629999984],[11.07149163,60.23298468000001],[11.071506869999999,60.23307643999999],[11.071480670000001,60.23312047000001],[11.071457129999999,60.23313664999999],[11.07128862,60.233173300000004],[11.07119254,60.23320436],[11.07102365,60.233272349999986],[11.07098837,60.23329429999998],[11.07091267,60.23337766000001],[11.07087277,60.23339495],[11.07069434,60.233480330000006],[11.0705514,60.233525179999994],[11.07042747,60.233542220000004],[11.07023832,60.233547469999976],[11.070152090000002,60.2335356],[11.07003134,60.233503279999994],[11.06997893,60.233536740000005],[11.06997227,60.23354647],[11.070030059999999,60.233632779999986],[11.0700854,60.23365081999999],[11.070264989999998,60.233664360000006],[11.07036935,60.23368255],[11.07044029,60.23376239],[11.070462099999999,60.23385183999999],[11.070520409999999,60.23389427000001],[11.07064051,60.23396289],[11.07068581,60.2340004],[11.07061617,60.23408470999999],[11.070733059999998,60.23414843999999],[11.07080391,60.23423641],[11.07082277,60.23429822999999],[11.070828610000001,60.23435675],[11.07078507,60.234444379999985],[11.070777629999998,60.23451911999999],[11.0708485,60.23460546999999],[11.070902969999999,60.23469664],[11.07091244,60.2347243],[11.070872130000001,60.23481519],[11.07096028,60.23484209000001],[11.07110694,60.23492553],[11.071243889999998,60.23501531999999],[11.07130126,60.235049010000004],[11.07137409,60.23513223],[11.07138355,60.23514663000001],[11.07139432,60.23531905000001],[11.071387259999998,60.2353733],[11.07138722,60.23537649],[11.071456839999998,60.235459699999986],[11.071642150000002,60.235532080000006],[11.07169647,60.235552989999995],[11.071788619999998,60.23563146999999],[11.071746369999998,60.23567444999999],[11.071579039999998,60.23570907],[11.071556489999999,60.235715389999996],[11.071373470000001,60.23571963],[11.071290209999999,60.23570341999999],[11.071127,60.23566144000001],[11.0710056,60.23561319],[11.070907009999999,60.235536280000005],[11.07090071,60.23552668999999],[11.07089538,60.235435689999996],[11.07090559,60.23538783],[11.0708424,60.235303049999985],[11.070826510000002,60.23529023000001],[11.07067949,60.23523712],[11.070641179999999,60.23521944999999],[11.07047827,60.23515351999999],[11.0704399,60.23514063],[11.07030582,60.23507958],[11.07025799,60.2350523],[11.07015297,60.23497697],[11.070031309999997,60.234951069999994],[11.07000876,60.234957389999984],[11.069927539999998,60.235038550000006],[11.069907660000002,60.23508957000001],[11.06985527,60.23517561000002],[11.06985202,60.235178789999985],[11.069783580000001,60.23526478],[11.069766429999998,60.23535570999999],[11.06976639,60.235358909999995],[11.069941939999998,60.23544243],[11.070018609999998,60.23547299],[11.070159149999999,60.23553086999998],[11.07015487,60.23562024],[11.070121959999998,60.235687180000006],[11.070150369999999,60.23572716999999],[11.070203889999998,60.23581512],[11.07021008,60.2358343],[11.070154119999998,60.23594905999999],[11.07014759,60.23595861],[11.070156129999999,60.23604962000001],[11.07021339,60.236092889999995],[11.07036041,60.236146],[11.07058438,60.23620732000002],[11.07074437,60.236249300000004],[11.070763629999998,60.236249359999995],[11.07094977,60.236253099999985],[11.070952999999998,60.23625151],[11.07111083,60.23620729000001],[11.07122726,60.23613421],[11.07127635,60.23605613999999],[11.071286170000002,60.23604021],[11.07142173,60.23597835999998],[11.071527299999998,60.23595531],[11.071630929999998,60.23593268999999],[11.07180155,60.235891689999995],[11.07191092,60.23587285999999],[11.0721196,60.235870289999994],[11.0722672,60.23587551],[11.072450009999999,60.23588882000001],[11.07247884,60.235893699999984],[11.072696319999999,60.23596137999999],[11.07281136,60.23600481],[11.07296158,60.236059529999984],[11.073105570000001,60.23609826],[11.07327856,60.2361275],[11.0734068,60.23614065000001],[11.073566810000003,60.23618263000001],[11.07361157,60.23619712000001],[11.07377106,60.23628218999999],[11.07397167,60.23641845999999],[11.07400353,60.2364393],[11.074183029999999,60.236460579999985],[11.07430066,60.23645276],[11.07425291,60.23641174]]]}},{"type":"Feature","properties":{"BESTANDNR":"1-14","TEIG":"1","AREAL_DAA":14.6,"TRESLAG":"G","BONITET":14,"ALDER":23,"VOLUM_DAA":5.9,"TREANTALL":76,"MIDDELHOYDE":11.8,"MILJOFIGUR":null,"MERKNAD":"Treslag: plan F, SR16 G","KILDE":"Tidligere skogbruksplan (NIBIO) + SR16","PLAN_HOGSTKLASSE":2,"PLAN_REGISTRERT":"2013","SR16_ALDER":41,"SR16_BONITET":17,"SR16_VOLUM_MB_DAA":6.9,"SR16_VOLUM_USIKKERHET_PST":41,"SR16_DEKNING_PST":99},"geometry":{"type":"Polygon","coordinates":[[[11.06383075,60.23625571],[11.06398817,60.23621160999999],[11.06418472,60.23617598],[11.064355969999998,60.236145849999986],[11.064549579999998,60.23612136],[11.064673090000001,60.23610083],[11.06485269,60.23607630000001],[11.064933959999998,60.23607375999999],[11.065116090000002,60.23607152000001],[11.065292879999998,60.23604698],[11.065512250000001,60.23597659],[11.06566967,60.23593249000001],[11.06612984,60.235872580000006],[11.066309450000002,60.235846650000006],[11.06658702,60.235827979999996],[11.06677758,60.23582297999999],[11.06721424,60.23585354],[11.06729821,60.23585937],[11.067482930000002,60.23587384999999],[11.067665110000002,60.23586743],[11.06780013,60.235821859999994],[11.06796321,60.2357722],[11.068134450000002,60.23574346],[11.06856687,60.235783129999994],[11.06858025,60.23573033000001],[11.06859363,60.23567753],[11.0686092,60.23560650999998],[11.068622909999998,60.23554028000001],[11.06863095,60.23546155999999],[11.0686316,60.23541606000002],[11.068632249999999,60.23537056],[11.06862506,60.23532239000001],[11.068617869999999,60.23527422000001],[11.06856169,60.2352627],[11.068561688528083,60.23526270015143],[11.068561691341841,60.235262704908266],[11.068287457615778,60.23529091573628],[11.06824679,60.2352951],[11.06822549725762,60.235297289604695],[11.067864130688529,60.23533446279615],[11.06777445,60.23534368999999],[11.067721877918773,60.2353490958148],[11.067616998604313,60.23535988425785],[11.067479564612901,60.23537555138967],[11.06745011,60.23537891],[11.06741951260404,60.23538239711943],[11.067183984820952,60.23540924621591],[11.06711634,60.235416959999995],[11.067013496851,60.235428680781716],[11.066902489788927,60.235441334764964],[11.06678256,60.23545501000001],[11.06661567,60.23547402999999],[11.066598365921674,60.23547600210955],[11.066448783252621,60.2354930528863],[11.066327005572937,60.235505277667954],[11.066278979999998,60.2355101],[11.066238274914992,60.235514184913306],[11.065971307493431,60.23554098410646],[11.06593938,60.23554419],[11.065906573252668,60.235547482285504],[11.065647802223713,60.23557345800428],[11.06559978,60.23557827999999],[11.065539928314156,60.235584286344356],[11.065429980008506,60.23559532281406],[11.065364679129742,60.23560164402893],[11.065287069999998,60.23560915999999],[11.065156950677318,60.235621752199265],[11.064918849682524,60.23564480001032],[11.06485834,60.23565066],[11.064731240000002,60.23566593],[11.06460413034939,60.235681199958016],[11.06432095547475,60.23572798535316],[11.064288249999999,60.23573339],[11.064255516364508,60.2357387969232],[11.064014471738712,60.23577862094691],[11.063972360000001,60.235785580000005],[11.06392286653716,60.23579375529811],[11.063728501941068,60.23582586656086],[11.063656469999998,60.23583777],[11.06351769,60.23586038999999],[11.063454452301961,60.23587069269043],[11.063225678907395,60.23590797871643],[11.06320821,60.235910829999995],[11.063150524450254,60.23592022746237],[11.06296256087423,60.235950861721534],[11.062889099218383,60.23602213514099],[11.062864600000001,60.23604591],[11.062843027524972,60.2360668342984],[11.062816015004623,60.23609304201694],[11.06300258,60.23616822999998],[11.063242540000001,60.23624696000001],[11.06324813,60.23624837],[11.063427129999999,60.236272599999985],[11.063494229999998,60.23628394],[11.0636283,60.236316390000006],[11.0637372,60.23633842999999],[11.0637544,60.236313979999984],[11.06383075,60.23625571]]]}},{"type":"Feature","properties":{"BESTANDNR":"1-15","TEIG":"1","AREAL_DAA":22.5,"TRESLAG":"G","BONITET":17,"ALDER":36,"VOLUM_DAA":14.7,"TREANTALL":149,"MIDDELHOYDE":14.3,"MILJOFIGUR":null,"MERKNAD":null,"KILDE":"Tidligere skogbruksplan (NIBIO) + SR16","PLAN_HOGSTKLASSE":2,"PLAN_REGISTRERT":"2013","SR16_ALDER":46,"SR16_BONITET":17,"SR16_VOLUM_MB_DAA":17.3,"SR16_VOLUM_USIKKERHET_PST":31,"SR16_DEKNING_PST":100},"geometry":{"type":"Polygon","coordinates":[[[11.07090685,60.23662010000001],[11.070922949999998,60.23661535999998],[11.07102338,60.23653903999999],[11.07106896,60.23648649999999],[11.07118234,60.23640064],[11.071289049999999,60.23633551],[11.07143094,60.23628166],[11.07160466,60.23625025],[11.07173325,60.23623466999999],[11.071739669999998,60.23623469],[11.07192271,60.236228849999996],[11.07196776,60.23621940000001],[11.072048629999998,60.23619673999999],[11.07196562,60.23612843999998],[11.0718068,60.23609976999999],[11.07165135,60.23605306999998],[11.071527299999998,60.23595531],[11.07142173,60.23597835999998],[11.071286170000002,60.23604021],[11.07127635,60.23605613999999],[11.07122726,60.23613421],[11.07111083,60.23620729000001],[11.070952999999998,60.23625151],[11.07094977,60.236253099999985],[11.070763629999998,60.236249359999995],[11.07074437,60.236249300000004],[11.07058438,60.23620732000002],[11.07036041,60.236146],[11.07021339,60.236092889999995],[11.070156129999999,60.23604962000001],[11.07014759,60.23595861],[11.070154119999998,60.23594905999999],[11.07021008,60.2358343],[11.070203889999998,60.23581512],[11.070150369999999,60.23572716999999],[11.070121959999998,60.235687180000006],[11.07015487,60.23562024],[11.070159149999999,60.23553086999998],[11.070018609999998,60.23547299],[11.069941939999998,60.23544243],[11.06976639,60.235358909999995],[11.069766429999998,60.23535570999999],[11.069783580000001,60.23526478],[11.06985202,60.235178789999985],[11.06985527,60.23517561000002],[11.069907660000002,60.23508957000001],[11.069927539999998,60.235038550000006],[11.07000876,60.234957389999984],[11.070031309999997,60.234951069999994],[11.07015297,60.23497697],[11.07025799,60.2350523],[11.07030582,60.23507958],[11.0704399,60.23514063],[11.07047827,60.23515351999999],[11.070641179999999,60.23521944999999],[11.07067949,60.23523712],[11.070826510000002,60.23529023000001],[11.0708424,60.235303049999985],[11.07090559,60.23538783],[11.07089538,60.235435689999996],[11.07090071,60.23552668999999],[11.070907009999999,60.235536280000005],[11.0710056,60.23561319],[11.071127,60.23566144000001],[11.071290209999999,60.23570341999999],[11.071373470000001,60.23571963],[11.071556489999999,60.235715389999996],[11.071579039999998,60.23570907],[11.071746369999998,60.23567444999999],[11.071788619999998,60.23563146999999],[11.07169647,60.235552989999995],[11.071642150000002,60.235532080000006],[11.071456839999998,60.235459699999986],[11.07138722,60.23537649],[11.071387259999998,60.2353733],[11.07139432,60.23531905000001],[11.07138355,60.23514663000001],[11.07137409,60.23513223],[11.07130126,60.235049010000004],[11.071243889999998,60.23501531999999],[11.07110694,60.23492553],[11.07096028,60.23484209000001],[11.070872130000001,60.23481519],[11.07081958,60.23483616],[11.07063968,60.234848630000016],[11.070544919999998,60.23484671999999],[11.07038159,60.23483974],[11.07020535,60.23481971],[11.070117480000002,60.23478857],[11.070056400000002,60.23470387999999],[11.06996199,60.23467271999999],[11.06979489,60.23470798000001],[11.06972244,60.23475326999999],[11.06961704,60.23482121],[11.06946932,60.234874399999995],[11.06935766,60.23491958],[11.069196660000001,60.23499061],[11.0690918,60.235013050000006],[11.06891189,60.23502551],[11.06877447,60.235038100000004],[11.068578289999998,60.23507666],[11.068578689999999,60.23507731000001],[11.06859805,60.23510882],[11.06862793,60.235175989999995],[11.06865782,60.235243149999995],[11.06867474,60.23532831000001],[11.068678,60.2353799],[11.068681249999997,60.23543149999998],[11.068672000000001,60.23549954],[11.06866274,60.23556759],[11.06864906,60.235635620000004],[11.06863537,60.23570365],[11.06862078,60.23576014],[11.06860619,60.23581664],[11.06858378,60.23589087],[11.068561359999999,60.235965100000016],[11.06854093,60.236027699999994],[11.068520490000001,60.236090310000016],[11.068507500000003,60.23614077],[11.06849452,60.23619122000001],[11.068477649999998,60.23626037999999],[11.0684672,60.23630327],[11.0684669,60.236304479999994],[11.0687045,60.23637252],[11.06873007,60.23638217],[11.06888682,60.23642734],[11.06894131,60.23643388],[11.069120859999998,60.23645198],[11.069386669999998,60.236503850000005],[11.06962044,60.23655083],[11.06994065,60.23661723000001],[11.07003672,60.23663667],[11.070206479999998,60.236667499999996],[11.070248149999998,60.236672410000004],[11.07060131,60.236668669999986],[11.070733010000001,60.23666107999999],[11.07090685,60.23662010000001]]]}},{"type":"Feature","properties":{"BESTANDNR":"1-16","TEIG":"1","AREAL_DAA":16.7,"TRESLAG":"G","BONITET":11,"ALDER":23,"VOLUM_DAA":4.0,"TREANTALL":49,"MIDDELHOYDE":8.5,"MILJOFIGUR":null,"MERKNAD":"Treslag: plan F, SR16 G","KILDE":"Tidligere skogbruksplan (NIBIO) + SR16","PLAN_HOGSTKLASSE":2,"PLAN_REGISTRERT":"2013","SR16_ALDER":30,"SR16_BONITET":17,"SR16_VOLUM_MB_DAA":4.7,"SR16_VOLUM_USIKKERHET_PST":229,"SR16_DEKNING_PST":100},"geometry":{"type":"Polygon","coordinates":[[[11.068009060000001,60.23707762],[11.067951039999999,60.23701057999999],[11.067890450000002,60.236924030000004],[11.06788772,60.23691845000001],[11.06785518,60.236829199999995],[11.067859079999998,60.236738659999986],[11.06788532,60.236653759999996],[11.067920049999998,60.236561929999986],[11.06793998,60.23653552000001],[11.06804732,60.23646200999999],[11.068392500000002,60.23639855000001],[11.068400279999999,60.236372599999996],[11.06842308,60.23628718999999],[11.068445870000001,60.23620177000001],[11.06846626,60.23612268],[11.06848666,60.23604359],[11.06850521,60.23597832],[11.06852376,60.23591305],[11.06854532,60.235848090000005],[11.06856687,60.235783129999994],[11.068134450000002,60.23574346],[11.06796321,60.2357722],[11.06780013,60.235821859999994],[11.067665110000002,60.23586743],[11.067482930000002,60.23587384999999],[11.06729821,60.23585937],[11.06721424,60.23585354],[11.06677758,60.23582297999999],[11.06658702,60.235827979999996],[11.066309450000002,60.235846650000006],[11.06612984,60.235872580000006],[11.06566967,60.23593249000001],[11.065512250000001,60.23597659],[11.065292879999998,60.23604698],[11.065116090000002,60.23607152000001],[11.064933959999998,60.23607375999999],[11.06485269,60.23607630000001],[11.064673090000001,60.23610083],[11.064549579999998,60.23612136],[11.064355969999998,60.236145849999986],[11.06418472,60.23617598],[11.06398817,60.23621160999999],[11.06383075,60.23625571],[11.0637544,60.236313979999984],[11.0637372,60.23633842999999],[11.06396365,60.23638427],[11.064122909999998,60.23641957999999],[11.06424578,60.23645198999999],[11.064427760000001,60.23646229],[11.06454258,60.23646542],[11.06471876,60.23649103000001],[11.064906070000001,60.23652363000001],[11.0650823,60.236545060000005],[11.065115940000002,60.23654376],[11.0652817,60.23650526000001],[11.06531258,60.23649977999999],[11.065705799999998,60.23641738],[11.06578773,60.23636051],[11.06583646,60.23627010999999],[11.065907659999999,60.23617419999999],[11.0659556,60.236147880000004],[11.066093579999999,60.23608977999999],[11.066245429999999,60.236042879999985],[11.066427399999998,60.236053180000006],[11.06658398,60.236078719999995],[11.06680751,60.236126750000004],[11.06689068,60.236199439999986],[11.06691479,60.23629005999999],[11.066883619999999,60.23631921999999],[11.066829300000002,60.23640961000001],[11.06681742,60.23646529],[11.06677909,60.23662259],[11.06678915,60.23671734999998],[11.066813239999998,60.236809359999995],[11.0668598,60.236897260000006],[11.06692385,60.2369295],[11.067085809999998,60.23697316],[11.067161080000002,60.23700404000001],[11.06729197,60.23706851],[11.067378470000001,60.23709802],[11.06754613,60.237133349999986],[11.06757408,60.23713901],[11.06776144,60.23716743],[11.067850949999999,60.23717883999999],[11.0679938,60.23718205000001],[11.068117450000003,60.237150379999996],[11.068009060000001,60.23707762]]]}},{"type":"Feature","properties":{"BESTANDNR":"1-17","TEIG":"1","AREAL_DAA":6.3,"TRESLAG":"G","BONITET":17,"ALDER":48,"VOLUM_DAA":15.4,"TREANTALL":96,"MIDDELHOYDE":10.7,"MILJOFIGUR":null,"MERKNAD":null,"KILDE":"Tidligere skogbruksplan (NIBIO) + SR16","PLAN_HOGSTKLASSE":3,"PLAN_REGISTRERT":"2013","SR16_ALDER":34,"SR16_BONITET":17,"SR16_VOLUM_MB_DAA":17.8,"SR16_VOLUM_USIKKERHET_PST":31,"SR16_DEKNING_PST":100},"geometry":{"type":"Polygon","coordinates":[[[11.074835650000002,60.23746012],[11.07481745,60.237370679999984],[11.07478265,60.23732748000001],[11.074674549999997,60.23723936999998],[11.07459493,60.237186470000005],[11.07448664,60.23711432],[11.07437888,60.236997480000014],[11.074245890000002,60.236843850000014],[11.07412256,60.236687059999994],[11.074087719999998,60.23664705999999],[11.07402134,60.23656067],[11.07400353,60.2364393],[11.07397167,60.23641845999999],[11.07377106,60.23628218999999],[11.07361157,60.23619712000001],[11.073566810000003,60.23618263000001],[11.0734068,60.23614065000001],[11.07327856,60.2361275],[11.073105570000001,60.23609826],[11.07296158,60.236059529999984],[11.07281136,60.23600481],[11.072696319999999,60.23596137999999],[11.07247884,60.235893699999984],[11.072450009999999,60.23588882000001],[11.0722672,60.23587551],[11.0721196,60.235870289999994],[11.07191092,60.23587285999999],[11.07180155,60.235891689999995],[11.071630929999998,60.23593268999999],[11.071527299999998,60.23595531],[11.07165135,60.23605306999998],[11.0718068,60.23609976999999],[11.07196562,60.23612843999998],[11.072048629999998,60.23619673999999],[11.072125579999998,60.236175180000004],[11.072234819999998,60.236167519999995],[11.07241761,60.236182429999985],[11.07258094,60.23621483],[11.072740840000002,60.23626478999999],[11.07291746,60.236258920000004],[11.07295281,60.23625583999999],[11.07312913,60.23627550999999],[11.073183580000002,60.23628525000001],[11.07333056,60.23634314],[11.073479650000001,60.23649203],[11.073565049999997,60.236599229999996],[11.073641099999998,60.236682449999996],[11.07366653,60.23670328],[11.07375548,60.236781749999984],[11.073796449999998,60.23684572],[11.07383069,60.23693520999998],[11.07385618,60.23695124999999],[11.07402865,60.23702517999999],[11.074092589999998,60.237047719999985],[11.07421054,60.2371167],[11.07423569,60.23716146999998],[11.0742571,60.237250919999994],[11.074297759999999,60.23734041999999],[11.0743073,60.237348430000004],[11.074441359999998,60.23741266999999],[11.07447958,60.23743833],[11.07455242,60.23752154],[11.07467697,60.23757618],[11.07469623,60.23757623000001],[11.07482541,60.23751117],[11.074835650000002,60.23746012]]]}},{"type":"Feature","properties":{"BESTANDNR":"1-18","TEIG":"1","AREAL_DAA":18.4,"TRESLAG":"G","BONITET":20,"ALDER":13,"VOLUM_DAA":6.1,"TREANTALL":56,"MIDDELHOYDE":13.7,"MILJOFIGUR":null,"MERKNAD":null,"KILDE":"Tidligere skogbruksplan (NIBIO) + SR16","PLAN_HOGSTKLASSE":1,"PLAN_REGISTRERT":"2013","SR16_ALDER":49,"SR16_BONITET":17,"SR16_VOLUM_MB_DAA":7.1,"SR16_VOLUM_USIKKERHET_PST":45,"SR16_DEKNING_PST":100},"geometry":{"type":"Polygon","coordinates":[[[11.07078669,60.237613329999995],[11.07096196,60.23758486],[11.07147981,60.23744249999999],[11.071572959999997,60.23741808],[11.0716732,60.23734321],[11.07172828,60.237252100000006],[11.071726610000002,60.23721129],[11.071688830000001,60.237119910000004],[11.071674810000001,60.23702859],[11.0718233,60.23689158999999],[11.071845099999999,60.23687446999998],[11.071895839999998,60.23678441999999],[11.07181475,60.23670364],[11.071769760000002,60.23667343999999],[11.07163887,60.236603259999995],[11.071538280000002,60.2365278],[11.071420319999998,60.23645979999999],[11.07118234,60.23640064],[11.07106896,60.23648649999999],[11.07102338,60.23653903999999],[11.070922949999998,60.23661535999998],[11.07090685,60.23662010000001],[11.070733010000001,60.23666107999999],[11.07060131,60.236668669999986],[11.070248149999998,60.236672410000004],[11.070206479999998,60.236667499999996],[11.07003672,60.23663667],[11.06994065,60.23661723000001],[11.06962044,60.23655083],[11.069386669999998,60.236503850000005],[11.069120859999998,60.23645198],[11.06894131,60.23643388],[11.06888682,60.23642734],[11.06873007,60.23638217],[11.0687045,60.23637252],[11.0684669,60.236304479999994],[11.068460789999998,60.236329530000006],[11.068437629999998,60.23640627999998],[11.068414470000002,60.23648304000001],[11.068393649999997,60.23655667999997],[11.06837282,60.236630330000004],[11.068352,60.23670398],[11.0683361,60.23676416],[11.06832021,60.23682435],[11.068304310000002,60.23688453999999],[11.06828355,60.236954970000006],[11.06839724,60.23697697],[11.06850927,60.23699984999998],[11.068675,60.23704544999999],[11.06878469,60.23708227999999],[11.068976029999998,60.23715373000002],[11.06939274,60.23733965999999],[11.06952807,60.23740019999999],[11.06966984,60.23746289999999],[11.069831240000001,60.23751063],[11.069975260000001,60.23756582000001],[11.070136619999998,60.237616769999995],[11.07031353,60.23763126000001],[11.07062243,60.237624660000016],[11.07078669,60.237613329999995]]]}},{"type":"Feature","properties":{"BESTANDNR":"1-19","TEIG":"1","AREAL_DAA":48.7,"TRESLAG":"G","BONITET":11,"ALDER":0,"VOLUM_DAA":1.0,"TREANTALL":4,"MIDDELHOYDE":1.1,"MILJOFIGUR":null,"MERKNAD":"Mulig hogd etter 2013: SR16 viser 1.0 m³/daa mot HK 5 i planen – kontroller; Treslag: plan F, SR16 G","KILDE":"Tidligere skogbruksplan (NIBIO) + SR16","PLAN_HOGSTKLASSE":5,"PLAN_REGISTRERT":"2013","SR16_ALDER":6,"SR16_BONITET":18,"SR16_VOLUM_MB_DAA":1.1,"SR16_VOLUM_USIKKERHET_PST":728,"SR16_DEKNING_PST":100},"geometry":{"type":"Polygon","coordinates":[[[11.06602737,60.23831149],[11.066176669999999,60.238245079999984],[11.0661823,60.238242310000004],[11.06633973,60.238198199999985],[11.066513779999998,60.238169469999995],[11.06665402,60.238157350000016],[11.066833470000002,60.23814535],[11.06697382,60.23812347999999],[11.067120160000002,60.23806959000001],[11.067140019999998,60.23804876],[11.06722506,60.237966820000004],[11.067336140000002,60.237816710000004],[11.06738466,60.23774302],[11.06751709,60.23768073],[11.068001370000001,60.23771910000001],[11.06801651,60.23766165000001],[11.06803611,60.237587239999996],[11.068059939999998,60.23750822999999],[11.068083769999998,60.23742923],[11.06810664,60.237365039999986],[11.068129509999999,60.23730084999998],[11.06815238,60.237236659999986],[11.06817415,60.23717075999999],[11.068117450000003,60.237150379999996],[11.0679938,60.23718205000001],[11.067850949999999,60.23717883999999],[11.06776144,60.23716743],[11.06757408,60.23713901],[11.06754613,60.237133349999986],[11.067378470000001,60.23709802],[11.06729197,60.23706851],[11.067161080000002,60.23700404000001],[11.067085809999998,60.23697316],[11.06692385,60.2369295],[11.0668598,60.236897260000006],[11.066813239999998,60.236809359999995],[11.06678915,60.23671734999998],[11.06677909,60.23662259],[11.06681742,60.23646529],[11.066829300000002,60.23640961000001],[11.066883619999999,60.23631921999999],[11.06691479,60.23629005999999],[11.06689068,60.236199439999986],[11.06680751,60.236126750000004],[11.06658398,60.236078719999995],[11.066427399999998,60.236053180000006],[11.066245429999999,60.236042879999985],[11.066093579999999,60.23608977999999],[11.0659556,60.236147880000004],[11.065907659999999,60.23617419999999],[11.06583646,60.23627010999999],[11.06578773,60.23636051],[11.065705799999998,60.23641738],[11.06531258,60.23649977999999],[11.0652817,60.23650526000001],[11.065115940000002,60.23654376],[11.0650823,60.236545060000005],[11.064906070000001,60.23652363000001],[11.06471876,60.23649103000001],[11.06454258,60.23646542],[11.064427760000001,60.23646229],[11.06424578,60.23645198999999],[11.064122909999998,60.23641957999999],[11.06396365,60.23638427],[11.0637372,60.23633842999999],[11.0636283,60.236316390000006],[11.063494229999998,60.23628394],[11.063427129999999,60.236272599999985],[11.06324813,60.23624837],[11.063242540000001,60.23624696000001],[11.06300258,60.23616822999998],[11.062816015004623,60.23609304201694],[11.062596193438438,60.23630631254926],[11.06240941495137,60.23647717267165],[11.06237421,60.23650938000001],[11.06230021,60.236577070000024],[11.062290555719986,60.236585900963725],[11.06222621997397,60.23664475272514],[11.061996407801676,60.23686810380324],[11.061957389999998,60.23690602999999],[11.06189018,60.23697134999999],[11.06182362,60.23703975],[11.061757069999999,60.23710813999998],[11.061746147280168,60.237119364691665],[11.061623953550512,60.23724494081503],[11.061597739769972,60.23727208443457],[11.061569800000001,60.23730102],[11.061546680636472,60.237324954563604],[11.0614797431376,60.23739426595612],[11.06146148,60.23741318],[11.0613961,60.23749383999999],[11.06135867545164,60.23753999833027],[11.061265333509684,60.23765514653965],[11.061211263355128,60.23771659725415],[11.06120074,60.23772856],[11.0613797,60.23776126],[11.06155368,60.23773285],[11.06161564,60.23771087000001],[11.06178687,60.23767965999998],[11.061971840000002,60.23766243],[11.062067050000001,60.23765730000001],[11.062282530000001,60.237654109999994],[11.06231856,60.23767235999998],[11.06232976,60.23773084],[11.06259473,60.23771536],[11.062583369999999,60.23768538],[11.062671209999998,60.23760484999999],[11.06278382,60.23756061000001],[11.06293295,60.23750813000001],[11.0630508,60.23749315999999],[11.06318537,60.23748520999999],[11.06337317,60.23747742],[11.06347961,60.23747912999998],[11.06368657,60.23750901],[11.06385985,60.23754297],[11.064022119999999,60.23756157],[11.064198889999998,60.23753980999999],[11.06454037,60.237565919999994],[11.06469981,60.237585900000006],[11.064879369999998,60.237565549999985],[11.064988930000002,60.2375408],[11.06515466,60.23750508],[11.065322679999998,60.237511160000004],[11.06549604,60.23753954],[11.06559659,60.23756491999999],[11.06561052,60.237567770000005],[11.065738,60.237633730000006],[11.06576274,60.23765749],[11.065751630000001,60.23780489],[11.065739600000002,60.23785074000002],[11.06572389,60.23794387000001],[11.065753030000002,60.23803303000001],[11.065761220000002,60.238044200000004],[11.06585772,60.23812114],[11.065884,60.238213079999994],[11.065881129999998,60.23821722999998],[11.0658124,60.23830317],[11.06569047,60.238391639999996],[11.065747790000001,60.23842977],[11.06588084,60.23838071000001],[11.06602737,60.23831149]]]}},{"type":"Feature","properties":{"BESTANDNR":"1-20","TEIG":"1","AREAL_DAA":43.4,"TRESLAG":"G","BONITET":20,"ALDER":13,"VOLUM_DAA":5.0,"TREANTALL":51,"MIDDELHOYDE":10.3,"MILJOFIGUR":null,"MERKNAD":null,"KILDE":"Tidligere skogbruksplan (NIBIO) + SR16","PLAN_HOGSTKLASSE":1,"PLAN_REGISTRERT":"2013","SR16_ALDER":37,"SR16_BONITET":14,"SR16_VOLUM_MB_DAA":5.8,"SR16_VOLUM_USIKKERHET_PST":69,"SR16_DEKNING_PST":100},"geometry":{"type":"Polygon","coordinates":[[[11.071554949999998,60.23914119],[11.071619710000002,60.23909997],[11.071748939999999,60.23903171999999],[11.07188744,60.238993820000005],[11.072045279999998,60.23894958999999],[11.072145499999998,60.23889082999999],[11.07221343,60.238847930000006],[11.072317049999999,60.23877322],[11.0723953,60.23867288999998],[11.072454170000002,60.23858208000001],[11.07243273,60.23849582],[11.07239489,60.23843825000001],[11.07232526,60.23835504000001],[11.072312519999999,60.23834702],[11.07220144,60.238239749999984],[11.072157149999999,60.23818534999999],[11.072103629999999,60.238097399999994],[11.07208826,60.238039889999996],[11.072098809999998,60.23796329999998],[11.07211597,60.237870769999994],[11.07212258,60.23785482999999],[11.07221023,60.23777368],[11.072371260000002,60.23772947],[11.07247425,60.23770741999999],[11.07261301,60.237647179999996],[11.072678070000002,60.23757554],[11.072733669999998,60.23748951000001],[11.07274986,60.23747838999999],[11.07289178,60.23742134],[11.073068639999999,60.23739633],[11.073107180000001,60.23739484000001],[11.0732682,60.23735221999999],[11.073391020000003,60.23728235],[11.073430600000002,60.23719308],[11.07340601,60.23710201999999],[11.073358410000003,60.23705559],[11.073234,60.23698977999999],[11.07316676,60.23697521999999],[11.073026209999998,60.23691733999999],[11.073013479999998,60.23690773],[11.072937409999998,60.23682609999999],[11.0729064,60.23673502],[11.072906439999999,60.23673182999998],[11.0729011,60.236640829999985],[11.072831510000002,60.236554429999984],[11.07277104,60.23651115],[11.072630489999998,60.236453280000006],[11.07250608,60.23638746],[11.072361879999999,60.236366289999985],[11.072178860000001,60.236370539999996],[11.07209211,60.23637665999998],[11.0719092,60.23637133],[11.07172963,60.23635483999999],[11.07155341,60.23632717999999],[11.07143094,60.23628166],[11.071289049999999,60.23633551],[11.07118234,60.23640064],[11.071420319999998,60.23645979999999],[11.071538280000002,60.2365278],[11.07163887,60.236603259999995],[11.071769760000002,60.23667343999999],[11.07181475,60.23670364],[11.071895839999998,60.23678441999999],[11.071845099999999,60.23687446999998],[11.0718233,60.23689158999999],[11.071674810000001,60.23702859],[11.071688830000001,60.237119910000004],[11.071726610000002,60.23721129],[11.07172828,60.237252100000006],[11.0716732,60.23734321],[11.071572959999997,60.23741808],[11.07147981,60.23744249999999],[11.07096196,60.23758486],[11.07078669,60.237613329999995],[11.07062243,60.237624660000016],[11.07031353,60.23763126000001],[11.070136619999998,60.237616769999995],[11.069975260000001,60.23756582000001],[11.069831240000001,60.23751063],[11.06966984,60.23746289999999],[11.06952807,60.23740019999999],[11.06939274,60.23733965999999],[11.068976029999998,60.23715373000002],[11.06878469,60.23708227999999],[11.068675,60.23704544999999],[11.06850927,60.23699984999998],[11.06839724,60.23697697],[11.06828355,60.236954970000006],[11.0682628,60.237025389999985],[11.06824561,60.237085089999994],[11.06822842,60.23714479000001],[11.06821123,60.23720449],[11.06818248,60.23728294000001],[11.06815374,60.2373614],[11.068130879999998,60.237431369999996],[11.068108010000001,60.23750133],[11.068089770000002,60.23756153000001],[11.06807152,60.237621719999986],[11.06805445,60.23769325999998],[11.06803737,60.23776478999999],[11.06801582,60.23784133999999],[11.06799428,60.23791789],[11.067975169999999,60.23798261999999],[11.06795607,60.23804734999999],[11.06793697,60.238112069999985],[11.06791982,60.23817246],[11.06790267,60.23823285000001],[11.067885530000002,60.23829322999999],[11.067867609999999,60.23836236999999],[11.06784968,60.23843151],[11.06783176,60.23850065],[11.0678155,60.23855506999998],[11.06779924,60.23860947999999],[11.0677908,60.238658880000024],[11.06778832,60.23867338],[11.06796938,60.23869938999997],[11.068042989999999,60.23870609999999],[11.068225729999998,60.23870533999998],[11.0682739,60.23870077],[11.06840964,60.23864082000001],[11.06844255,60.238594739999996],[11.06853373,60.23851704999999],[11.06875307,60.23844313],[11.06879177,60.23843056000001],[11.06887022,60.23834803],[11.068928799999998,60.23830048],[11.06909927,60.23826937],[11.06926222,60.23829880000002],[11.069437930000001,60.23833147],[11.06957262,60.23832889],[11.0697493,60.23830896999999],[11.06986094,60.238339759999995],[11.06987046,60.238344590000004],[11.06997814,60.23841680000001],[11.070022340000001,60.238453660000005],[11.07013002,60.23852587],[11.0702643,60.238545609999996],[11.07044019,60.23856871999999],[11.07054882,60.23858834000001],[11.07071796,60.23863054],[11.070781419999998,60.23866589000001],[11.07086002,60.23875073000001],[11.070950959999998,60.238877599999995],[11.07099757,60.23894262000001],[11.07105064,60.23902096000001],[11.07112279,60.23910736],[11.07119253,60.23915071],[11.07135852,60.23918971],[11.07140022,60.23918830999999],[11.071554949999998,60.23914119]]]}},{"type":"Feature","properties":{"BESTANDNR":"1-21","TEIG":"1","AREAL_DAA":10.8,"TRESLAG":"G","BONITET":14,"ALDER":18,"VOLUM_DAA":4.0,"TREANTALL":34,"MIDDELHOYDE":6.5,"MILJOFIGUR":null,"MERKNAD":"Treslag: plan F, SR16 G","KILDE":"Tidligere skogbruksplan (NIBIO) + SR16","PLAN_HOGSTKLASSE":2,"PLAN_REGISTRERT":"2013","SR16_ALDER":22,"SR16_BONITET":17,"SR16_VOLUM_MB_DAA":4.6,"SR16_VOLUM_USIKKERHET_PST":114,"SR16_DEKNING_PST":100},"geometry":{"type":"Polygon","coordinates":[[[11.065881129999998,60.23821722999998],[11.065884,60.238213079999994],[11.06585772,60.23812114],[11.065761220000002,60.238044200000004],[11.065753030000002,60.23803303000001],[11.06572389,60.23794387000001],[11.065739600000002,60.23785074000002],[11.065751630000001,60.23780489],[11.06576274,60.23765749],[11.065738,60.237633730000006],[11.06561052,60.237567770000005],[11.06559659,60.23756491999999],[11.06549604,60.23753954],[11.065322679999998,60.237511160000004],[11.06515466,60.23750508],[11.064988930000002,60.2375408],[11.064879369999998,60.237565549999985],[11.06469981,60.237585900000006],[11.06454037,60.237565919999994],[11.064198889999998,60.23753980999999],[11.064022119999999,60.23756157],[11.06385985,60.23754297],[11.06368657,60.23750901],[11.06347961,60.23747912999998],[11.06337317,60.23747742],[11.06318537,60.23748520999999],[11.0630508,60.23749315999999],[11.06293295,60.23750813000001],[11.06278382,60.23756061000001],[11.062671209999998,60.23760484999999],[11.062583369999999,60.23768538],[11.06259473,60.23771536],[11.06276768,60.23774258000001],[11.062828809999997,60.23776512],[11.06293655,60.237839339999994],[11.06303892,60.23790101000001],[11.06322342,60.23790881000001],[11.063355110000002,60.23789828],[11.063527979999998,60.23792968000001],[11.06355018,60.23793951999999],[11.06382777,60.238057640000015],[11.06387368,60.23814686999999],[11.063984450000001,60.23820859],[11.064145929999999,60.23825106],[11.06421879,60.238244429999995],[11.064384719999998,60.23819790000001],[11.06446181,60.23811339000001],[11.06447044,60.23810091],[11.06457535,60.23802488000001],[11.06475755,60.23800623999998],[11.064807930000002,60.23800508],[11.06491913,60.238043139999995],[11.064951010000001,60.23813510000001],[11.06500773,60.23824525],[11.065163279999998,60.238305780000005],[11.06532194,60.23834962000001],[11.065506240000001,60.238368550000004],[11.06551184,60.23836856999998],[11.06569047,60.238391639999996],[11.0658124,60.23830317],[11.065881129999998,60.23821722999998]]]}},{"type":"Feature","properties":{"BESTANDNR":"1-22","TEIG":"1","AREAL_DAA":26.3,"TRESLAG":"G","BONITET":17,"ALDER":73,"VOLUM_DAA":7.6,"TREANTALL":36,"MIDDELHOYDE":5.9,"MILJOFIGUR":null,"MERKNAD":"Avvik: HK 4 i planen (2013), men SR16 viser 7.6 m³/daa og 5.9 m høyde – trolig hogd eller glissen, kontroller","KILDE":"Tidligere skogbruksplan (NIBIO) + SR16","PLAN_HOGSTKLASSE":4,"PLAN_REGISTRERT":"2013","SR16_ALDER":21,"SR16_BONITET":17,"SR16_VOLUM_MB_DAA":8.8,"SR16_VOLUM_USIKKERHET_PST":126,"SR16_DEKNING_PST":100},"geometry":{"type":"Polygon","coordinates":[[[11.07334262,60.23922393999999],[11.073452910000002,60.2391527],[11.07358438,60.23890576999999],[11.0736143,60.238819669999984],[11.07366044,60.23871924],[11.073787970000001,60.23852329],[11.073859789999998,60.238422939999985],[11.073925139999998,60.23832735999999],[11.07398719,60.23823815000001],[11.07429816,60.23800443000002],[11.074366100000002,60.23795993],[11.07445693,60.23788039],[11.07457764,60.23771793],[11.07467697,60.23757618],[11.07455242,60.23752154],[11.07447958,60.23743833],[11.074441359999998,60.23741266999999],[11.0743073,60.237348430000004],[11.074297759999999,60.23734041999999],[11.0742571,60.237250919999994],[11.07423569,60.23716146999998],[11.07421054,60.2371167],[11.074092589999998,60.237047719999985],[11.07402865,60.23702517999999],[11.07385618,60.23695124999999],[11.07383069,60.23693520999998],[11.073796449999998,60.23684572],[11.07375548,60.236781749999984],[11.07366653,60.23670328],[11.073641099999998,60.236682449999996],[11.073565049999997,60.236599229999996],[11.073479650000001,60.23649203],[11.07333056,60.23634314],[11.073183580000002,60.23628525000001],[11.07312913,60.23627550999999],[11.07295281,60.23625583999999],[11.07291746,60.236258920000004],[11.072740840000002,60.23626478999999],[11.07258094,60.23621483],[11.07241761,60.236182429999985],[11.072234819999998,60.236167519999995],[11.072125579999998,60.236175180000004],[11.072048629999998,60.23619673999999],[11.07196776,60.23621940000001],[11.07192271,60.236228849999996],[11.071739669999998,60.23623469],[11.07173325,60.23623466999999],[11.07160466,60.23625025],[11.07143094,60.23628166],[11.07155341,60.23632717999999],[11.07172963,60.23635483999999],[11.0719092,60.23637133],[11.07209211,60.23637665999998],[11.072178860000001,60.236370539999996],[11.072361879999999,60.236366289999985],[11.07250608,60.23638746],[11.072630489999998,60.236453280000006],[11.07277104,60.23651115],[11.072831510000002,60.236554429999984],[11.0729011,60.236640829999985],[11.072906439999999,60.23673182999998],[11.0729064,60.23673502],[11.072937409999998,60.23682609999999],[11.073013479999998,60.23690773],[11.073026209999998,60.23691733999999],[11.07316676,60.23697521999999],[11.073234,60.23698977999999],[11.073358410000003,60.23705559],[11.07340601,60.23710201999999],[11.073430600000002,60.23719308],[11.073391020000003,60.23728235],[11.0732682,60.23735221999999],[11.073107180000001,60.23739484000001],[11.073068639999999,60.23739633],[11.07289178,60.23742134],[11.07274986,60.23747838999999],[11.072733669999998,60.23748951000001],[11.072678070000002,60.23757554],[11.07261301,60.237647179999996],[11.07247425,60.23770741999999],[11.072371260000002,60.23772947],[11.07221023,60.23777368],[11.07212258,60.23785482999999],[11.07211597,60.237870769999994],[11.072098809999998,60.23796329999998],[11.07208826,60.238039889999996],[11.072103629999999,60.238097399999994],[11.072157149999999,60.23818534999999],[11.07220144,60.238239749999984],[11.072312519999999,60.23834702],[11.07232526,60.23835504000001],[11.07239489,60.23843825000001],[11.07243273,60.23849582],[11.072454170000002,60.23858208000001],[11.0723953,60.23867288999998],[11.072317049999999,60.23877322],[11.07221343,60.238847930000006],[11.072145499999998,60.23889082999999],[11.072045279999998,60.23894958999999],[11.07188744,60.238993820000005],[11.071748939999999,60.23903171999999],[11.071905199999998,60.23907104],[11.07236932,60.23917413],[11.07255021,60.23921415],[11.07270954,60.239257650000006],[11.072788129999998,60.23927225999999],[11.0729523,60.23931220999999],[11.07312828,60.239403059999994],[11.07318673,60.23933481000001],[11.07334262,60.23922393999999]]]}},{"type":"Feature","properties":{"BESTANDNR":"1-23","TEIG":"1","AREAL_DAA":6.7,"TRESLAG":"G","BONITET":20,"ALDER":38,"VOLUM_DAA":9.7,"TREANTALL":70,"MIDDELHOYDE":11.2,"MILJOFIGUR":null,"MERKNAD":null,"KILDE":"Tidligere skogbruksplan (NIBIO) + SR16","PLAN_HOGSTKLASSE":3,"PLAN_REGISTRERT":"2013","SR16_ALDER":38,"SR16_BONITET":17,"SR16_VOLUM_MB_DAA":11.3,"SR16_VOLUM_USIKKERHET_PST":34,"SR16_DEKNING_PST":100},"geometry":{"type":"Polygon","coordinates":[[[11.062688370000002,60.23840019],[11.06275073,60.238355960000014],[11.06278595,60.23826710000001],[11.06276396,60.23824613],[11.062653370000001,60.23817467999999],[11.062497619999998,60.23812527999999],[11.062384079999998,60.238062159999984],[11.062375869999999,60.23805238999997],[11.06234524,60.237893660000005],[11.062344109999998,60.23780324],[11.06233642,60.23776565],[11.06232976,60.23773084],[11.06231856,60.23767235999998],[11.062282530000001,60.237654109999994],[11.062067050000001,60.23765730000001],[11.061971840000002,60.23766243],[11.06178687,60.23767965999998],[11.06161564,60.23771087000001],[11.06155368,60.23773285],[11.0613797,60.23776126],[11.06120074,60.23772856],[11.06116102671171,60.23777369096075],[11.06116012737581,60.237774713049774],[11.06115176501302,60.23777964631893],[11.06111885,60.23779907000001],[11.061086373425127,60.23780549932191],[11.0610564323851,60.23786659179076],[11.061056426233622,60.23786659287196],[11.06092547,60.23796645000001],[11.06079005,60.23802703],[11.06070261,60.23806557999998],[11.060603200000001,60.23814581],[11.06060432,60.238236229999984],[11.060607009999998,60.23824180999998],[11.06072042,60.23831188000001],[11.060849049999998,60.23831525000001],[11.06102834,60.23830217],[11.061266389999998,60.23828934999999],[11.061692189999999,60.23825930999998],[11.06187675,60.238264319999985],[11.061896200000001,60.23827137000001],[11.061967359999999,60.238356549999985],[11.062005499999998,60.23841236999999],[11.06209075,60.23849205],[11.06214069,60.238514540000004],[11.06231642,60.23854316],[11.06233315,60.23854601999999],[11.062367869999997,60.23855734],[11.06251299,60.238503720000004],[11.062688370000002,60.23840019]]]}},{"type":"Feature","properties":{"BESTANDNR":"1-24","TEIG":"1","AREAL_DAA":12.8,"TRESLAG":"G","BONITET":17,"ALDER":33,"VOLUM_DAA":9.7,"TREANTALL":77,"MIDDELHOYDE":12.3,"MILJOFIGUR":null,"MERKNAD":null,"KILDE":"Tidligere skogbruksplan (NIBIO) + SR16","PLAN_HOGSTKLASSE":2,"PLAN_REGISTRERT":"2013","SR16_ALDER":41,"SR16_BONITET":17,"SR16_VOLUM_MB_DAA":11.3,"SR16_VOLUM_USIKKERHET_PST":43,"SR16_DEKNING_PST":100},"geometry":{"type":"Polygon","coordinates":[[[11.06316625,60.23888230000001],[11.06351117,60.23883935999999],[11.06356114,60.23886046],[11.06361451,60.23892091],[11.06382721,60.23884498],[11.063906159999998,60.23881194999999],[11.064052650000002,60.23875698],[11.064150950000002,60.23873656000001],[11.064235139999997,60.238723039999996],[11.064411869999999,60.23869741000001],[11.064563980000003,60.23864107],[11.06457523,60.23863834],[11.06468297,60.23856093],[11.064815679999999,60.23849476999999],[11.064866189999998,60.23848665],[11.06506712,60.23851399999998],[11.065228839999998,60.23854395],[11.06546921,60.23855617000001],[11.0654916,60.23855626999999],[11.065668399999998,60.23852646999998],[11.065778909999999,60.238450470000004],[11.065747790000001,60.23842977],[11.06569047,60.238391639999996],[11.06551184,60.23836856999998],[11.065506240000001,60.238368550000004],[11.06532194,60.23834962000001],[11.065163279999998,60.238305780000005],[11.06500773,60.23824525],[11.064951010000001,60.23813510000001],[11.06491913,60.238043139999995],[11.064807930000002,60.23800508],[11.06475755,60.23800623999998],[11.06457535,60.23802488000001],[11.06447044,60.23810091],[11.06446181,60.23811339000001],[11.064384719999998,60.23819790000001],[11.06421879,60.238244429999995],[11.064145929999999,60.23825106],[11.063984450000001,60.23820859],[11.06387368,60.23814686999999],[11.06382777,60.238057640000015],[11.06355018,60.23793951999999],[11.063527979999998,60.23792968000001],[11.063355110000002,60.23789828],[11.06322342,60.23790881000001],[11.06303892,60.23790101000001],[11.06293655,60.237839339999994],[11.062828809999997,60.23776512],[11.06276768,60.23774258000001],[11.06259473,60.23771536],[11.06232976,60.23773084],[11.06233642,60.23776565],[11.062344109999998,60.23780324],[11.06234524,60.237893660000005],[11.062375869999999,60.23805238999997],[11.062384079999998,60.238062159999984],[11.062497619999998,60.23812527999999],[11.062653370000001,60.23817467999999],[11.06276396,60.23824613],[11.06278595,60.23826710000001],[11.06275073,60.238355960000014],[11.062688370000002,60.23840019],[11.06251299,60.238503720000004],[11.062367869999997,60.23855734],[11.062488879999998,60.238596810000004],[11.062560899999998,60.23863608999997],[11.062595619999998,60.23872527999998],[11.062658669999998,60.238795119999985],[11.062770719999998,60.238938909999995],[11.06300345,60.23891076999998],[11.06316625,60.23888230000001]]]}},{"type":"Feature","properties":{"BESTANDNR":"1-25","TEIG":"1","AREAL_DAA":12.6,"TRESLAG":"G","BONITET":20,"ALDER":68,"VOLUM_DAA":8.0,"TREANTALL":44,"MIDDELHOYDE":8.6,"MILJOFIGUR":null,"MERKNAD":null,"KILDE":"Tidligere skogbruksplan (NIBIO) + SR16","PLAN_HOGSTKLASSE":4,"PLAN_REGISTRERT":"2013","SR16_ALDER":30,"SR16_BONITET":18,"SR16_VOLUM_MB_DAA":9.2,"SR16_VOLUM_USIKKERHET_PST":36,"SR16_DEKNING_PST":100},"geometry":{"type":"Polygon","coordinates":[[[11.06195702,60.23936781],[11.062111779999999,60.23931982999999],[11.06211826,60.23927256999998],[11.06210877,60.23918071],[11.062118389999998,60.23911397999997],[11.062245499999998,60.23904918999999],[11.0623383,60.23902317999999],[11.0625068,60.23898918],[11.06253205,60.23898512],[11.06269783,60.238946930000004],[11.062770719999998,60.238938909999995],[11.062658669999998,60.238795119999985],[11.062595619999998,60.23872527999998],[11.062560899999998,60.23863608999997],[11.062488879999998,60.238596810000004],[11.062367869999997,60.23855734],[11.06233315,60.23854601999999],[11.06231642,60.23854316],[11.06214069,60.238514540000004],[11.06209075,60.23849205],[11.062005499999998,60.23841236999999],[11.061967359999999,60.238356549999985],[11.061896200000001,60.23827137000001],[11.06187675,60.238264319999985],[11.061692189999999,60.23825930999998],[11.061266389999998,60.23828934999999],[11.06102834,60.23830217],[11.060849049999998,60.23831525000001],[11.06072042,60.23831188000001],[11.060607009999998,60.23824180999998],[11.06060432,60.238236229999984],[11.060603200000001,60.23814581],[11.06070261,60.23806557999998],[11.06079005,60.23802703],[11.06092547,60.23796645000001],[11.061056426233622,60.23786659287196],[11.060730185398052,60.237923933761735],[11.0606609110678,60.237949469205105],[11.060601890000001,60.23797123000001],[11.0604736,60.23801852],[11.060345300000002,60.238065810000016],[11.060288754001416,60.238088026987114],[11.060230358294046,60.23811097408169],[11.059920893934812,60.238214130474816],[11.059879379714348,60.23822648647788],[11.059813489999998,60.238246100000005],[11.059763317848423,60.238261030204406],[11.059635838424514,60.238298971961605],[11.05959869,60.23831003],[11.059571430000002,60.23834452],[11.059557577133559,60.23836204288873],[11.059473451329152,60.23846847861973],[11.0594295,60.23852409],[11.059402272121005,60.23855585226846],[11.059338067365859,60.23863075930548],[11.05930461,60.23866979999998],[11.059247940000002,60.23873591],[11.059288500000001,60.23873514000002],[11.05940605,60.238732899999995],[11.059552270000001,60.23869323000001],[11.05962099,60.23860869],[11.059621149999998,60.23860035],[11.0596982,60.23851863000002],[11.059706649999999,60.23851588],[11.059888510000002,60.23851532999999],[11.059913609999999,60.23851961999999],[11.060044239999998,60.23856611999999],[11.060160879999998,60.23861256],[11.060336659999999,60.238638409999986],[11.06039538,60.238640069999974],[11.06057696,60.23865482],[11.06064643,60.238680180000024],[11.06075416,60.23875439999997],[11.060814109999999,60.238840919999994],[11.06082478,60.23886879],[11.060797950000001,60.23895768999999],[11.060748769999998,60.23904511],[11.06075421,60.23905348],[11.06090996,60.23910288],[11.06094908,60.23910584],[11.06113366,60.23910946999999],[11.061315779999997,60.23909499999999],[11.06136065,60.23908964999999],[11.061542719999998,60.23907796000001],[11.0617156,60.23910935999999],[11.061732129999998,60.239123339999985],[11.06170248,60.23921363000001],[11.061634820000002,60.23924114],[11.061580759999998,60.239289580000005],[11.061579599999998,60.23935217],[11.06155923,60.23938838000001],[11.06176367,60.239383619999984],[11.06195702,60.23936781]]]}},{"type":"Feature","properties":{"BESTANDNR":"1-26","TEIG":"1","AREAL_DAA":9.5,"TRESLAG":"L","BONITET":14,"ALDER":103,"VOLUM_DAA":11.0,"TREANTALL":88,"MIDDELHOYDE":9.6,"MILJOFIGUR":null,"MERKNAD":"Treslag: plan G, SR16 L","KILDE":"Tidligere skogbruksplan (NIBIO) + SR16","PLAN_HOGSTKLASSE":5,"PLAN_REGISTRERT":"2013","SR16_ALDER":40,"SR16_BONITET":13,"SR16_VOLUM_MB_DAA":12.9,"SR16_VOLUM_USIKKERHET_PST":76,"SR16_DEKNING_PST":100},"geometry":{"type":"Polygon","coordinates":[[[11.07359069,60.239552020000005],[11.073608701298303,60.23953447501593],[11.07363510625094,60.239508751354485],[11.07367677940748,60.23946498687149],[11.073719699793353,60.23942380763772],[11.07375851923115,60.239380626641264],[11.073794772264897,60.23933685700888],[11.073828217096622,60.23929438872498],[11.073855505117113,60.23925711361779],[11.07386181,60.2392485],[11.073866672311691,60.23924051836089],[11.073892575626953,60.23919799483374],[11.073920535867316,60.23914878598883],[11.073948506293615,60.239096882401775],[11.073977926060111,60.239045045972446],[11.074003189276457,60.23899318468708],[11.074025789688546,60.23893920935768],[11.074050997101892,60.238889324955466],[11.074074996811195,60.23883748340321],[11.074092237658192,60.238805983291435],[11.07410301,60.23878629999998],[11.074127753949137,60.23873767945751],[11.074128399777408,60.23873641039021],[11.07412902282752,60.23873494793877],[11.07415105,60.23868324],[11.074163925860367,60.23865203356028],[11.074172196858742,60.238631984564876],[11.074192124898556,60.238581464104406],[11.074215938028836,60.238529535617346],[11.074234370316812,60.238490926032775],[11.07423875,60.23848174999999],[11.074261626056872,60.23843721190912],[11.074264000972097,60.23843258787945],[11.074290595738786,60.23838465775447],[11.074328165875755,60.23833889133807],[11.074367128560295,60.238292294765735],[11.074405906112922,60.23824848547061],[11.074431949188144,60.2382232325997],[11.07444488,60.23821069],[11.074470769160536,60.23818825316447],[11.074485299544614,60.23817565827176],[11.074502740881016,60.238165302737855],[11.07454449,60.23814051],[11.074588153351163,60.23811462251199],[11.074597077390445,60.23810933057018],[11.074612021187049,60.23810183022564],[11.07465083,60.23808235],[11.074711659999998,60.23805597999998],[11.07476577,60.23802900000001],[11.07480212,60.238018100000005],[11.074833169999998,60.23800925999997],[11.074867069999998,60.23799974999999],[11.074873439051727,60.23799774509184],[11.074903379340215,60.237988314871444],[11.074910426962553,60.237973399195276],[11.07491676,60.23795999],[11.074941465466782,60.237944541717894],[11.07495446922371,60.23793640876716],[11.074990641579948,60.23790543565794],[11.074990799999998,60.2379053],[11.0750378,60.237871599999984],[11.0750590456188,60.237856089433066],[11.075087700573759,60.237835164720906],[11.07510559952576,60.237818484359195],[11.075122499999999,60.237802729999984],[11.075125547144925,60.2377973209364],[11.075130456973344,60.23778859839083],[11.07513184604526,60.23777914564535],[11.075134703403085,60.2377640564294],[11.075138339999999,60.23774482],[11.075138101209747,60.23771700419118],[11.075137966925489,60.237701715546024],[11.075136029559854,60.23767638305643],[11.07513483,60.23766071999999],[11.07513463,60.23762901],[11.075134440439331,60.237609064681024],[11.075134308372478,60.23759533695985],[11.07513409849566,60.23756061100574],[11.075134060005823,60.23755429095609],[11.075128147503978,60.23750651226159],[11.075112884831338,60.237459416224965],[11.075093527207056,60.23741040820725],[11.075068283917478,60.23737170627431],[11.075061919999998,60.237361949999986],[11.075054564061494,60.23735145886308],[11.075027969068701,60.23731353052341],[11.075022668731048,60.23730669914218],[11.074990989999998,60.237265879999995],[11.074970182179497,60.23723900489212],[11.074954014882927,60.23721813140234],[11.074931326232813,60.23718055869589],[11.07492516,60.23717035000001],[11.0748936,60.23712261000001],[11.074859272315695,60.23707967289649],[11.074822479649773,60.23704342411023],[11.074796669599568,60.237014996088256],[11.07478831,60.237005789999984],[11.07475855833759,60.23697695290858],[11.074751552545493,60.23697016290154],[11.074746770361637,60.23696630527668],[11.07472566,60.236949280000005],[11.074719188987652,60.2369451890767],[11.074711930093354,60.236940603217505],[11.074688796295503,60.236908989308425],[11.07467003665211,60.236886558381165],[11.07466639689501,60.236882190634084],[11.07465459,60.23686803],[11.07462463944544,60.23683266099624],[11.07462043250674,60.23682769403996],[11.074591559462393,60.23678530172785],[11.074569172242022,60.236750832807076],[11.074562740000001,60.23674093],[11.07453144,60.23669732],[11.07452176652251,60.23668607540024],[11.074498495434915,60.236659033899336],[11.074467036141234,60.23662144241924],[11.074439425370404,60.236591253891845],[11.07442881,60.23657965],[11.074409643280736,60.23656199573887],[11.074386611372232,60.2365407847115],[11.074344193403967,60.23649842448104],[11.074337701078502,60.23649161357316],[11.07430066,60.23645276],[11.074183029999999,60.236460579999985],[11.07400353,60.2364393],[11.07402134,60.23656067],[11.074087719999998,60.23664705999999],[11.07412256,60.236687059999994],[11.074245890000002,60.236843850000014],[11.07437888,60.236997480000014],[11.07448664,60.23711432],[11.07459493,60.237186470000005],[11.074674549999997,60.23723936999998],[11.07478265,60.23732748000001],[11.07481745,60.237370679999984],[11.074835650000002,60.23746012],[11.07482541,60.23751117],[11.07469623,60.23757623000001],[11.07467697,60.23757618],[11.07457764,60.23771793],[11.07445693,60.23788039],[11.074366100000002,60.23795993],[11.07429816,60.23800443000002],[11.07398719,60.23823815000001],[11.073925139999998,60.23832735999999],[11.073859789999998,60.238422939999985],[11.073787970000001,60.23852329],[11.07366044,60.23871924],[11.0736143,60.238819669999984],[11.07358438,60.23890576999999],[11.073452910000002,60.2391527],[11.07334262,60.23922393999999],[11.07318673,60.23933481000001],[11.07312828,60.239403059999994],[11.07311467,60.23941896000002],[11.07305849,60.23951116],[11.072992229999999,60.23962881],[11.07300053,60.23970048],[11.07300332,60.2397245],[11.07299473,60.239844],[11.072979349999999,60.23989039999998],[11.072970979999997,60.23991561999999],[11.07315371,60.23991643999999],[11.07321138,60.23991830000001],[11.073340689963214,60.239926699997625],[11.073340689967196,60.23992669998975],[11.073371470125215,60.23987349517395],[11.073399437376366,60.23982437616715],[11.073427438577767,60.23977579553779],[11.073451469291085,60.23972727694646],[11.073476808621697,60.239679456453686],[11.073507466666316,60.23963290012703],[11.073545068699739,60.23959045677758],[11.073580002199316,60.23956102568803],[11.07359069,60.239552020000005]]]}},{"type":"Feature","properties":{"BESTANDNR":"1-27","TEIG":"1","AREAL_DAA":25.1,"TRESLAG":"G","BONITET":20,"ALDER":48,"VOLUM_DAA":16.9,"TREANTALL":113,"MIDDELHOYDE":16.0,"MILJOFIGUR":null,"MERKNAD":null,"KILDE":"Tidligere skogbruksplan (NIBIO) + SR16","PLAN_HOGSTKLASSE":3,"PLAN_REGISTRERT":"2013","SR16_ALDER":54,"SR16_BONITET":17,"SR16_VOLUM_MB_DAA":19.7,"SR16_VOLUM_USIKKERHET_PST":25,"SR16_DEKNING_PST":100},"geometry":{"type":"Polygon","coordinates":[[[11.06794251,60.24000844000001],[11.06811276,60.23997713],[11.0683368,60.23987952],[11.068341619999998,60.23987717],[11.068514399999998,60.23983873999999],[11.06869629,60.239824119999994],[11.068874690000001,60.23973938],[11.06896158,60.23969224],[11.06899526,60.23968051],[11.069153839999998,60.239633700000006],[11.06942917,60.23960642999999],[11.06944833,60.23960414],[11.06960926,60.23955972],[11.069676619999997,60.23953506999999],[11.06983282,60.23948824999999],[11.069837619999998,60.23948708000001],[11.070007839999999,60.239456960000005],[11.070079619999998,60.23945253],[11.070261549999998,60.23943552999999],[11.070335649999999,60.239434680000016],[11.07051452,60.2394545],[11.07067134,60.23950392000001],[11.07071407,60.23951956],[11.07086125,60.239573690000014],[11.070880279999999,60.23957853],[11.071010519999998,60.23964447],[11.071090739999999,60.239700679999984],[11.071244700000001,60.239776230000004],[11.07128028,60.23979064999999],[11.071462110000002,60.239779590000005],[11.071471319999999,60.23966793999998],[11.071410450000002,60.239598750000006],[11.07140819,60.23959161],[11.07134041,60.23950812999999],[11.071316729999998,60.23949614],[11.07120572,60.23942435],[11.071023040000002,60.23935104],[11.070959,60.23932461],[11.070823880000003,60.239264590000005],[11.070772179999999,60.23921682999999],[11.070713999999999,60.239131019999995],[11.07070694,60.239125050000006],[11.07071337,60.23903477],[11.070742739999998,60.23899687999998],[11.070830220000001,60.23891767],[11.070950959999998,60.238877599999995],[11.07086002,60.23875073000001],[11.070781419999998,60.23866589000001],[11.07071796,60.23863054],[11.07054882,60.23858834000001],[11.07044019,60.23856871999999],[11.0702643,60.238545609999996],[11.07013002,60.23852587],[11.070022340000001,60.238453660000005],[11.06997814,60.23841680000001],[11.06987046,60.238344590000004],[11.06986094,60.238339759999995],[11.0697493,60.23830896999999],[11.06957262,60.23832889],[11.069437930000001,60.23833147],[11.06926222,60.23829880000002],[11.06909927,60.23826937],[11.068928799999998,60.23830048],[11.06887022,60.23834803],[11.06879177,60.23843056000001],[11.06875307,60.23844313],[11.06853373,60.23851704999999],[11.06844255,60.238594739999996],[11.06840964,60.23864082000001],[11.0682739,60.23870077],[11.068225729999998,60.23870533999998],[11.068042989999999,60.23870609999999],[11.06796938,60.23869938999997],[11.06778832,60.23867338],[11.067782350000002,60.23870828000002],[11.067766109999999,60.23876448999999],[11.06774987,60.23882069999999],[11.06772072,60.2389041],[11.067691559999998,60.238987499999986],[11.06766754,60.23905627],[11.067643509999998,60.23912504000001],[11.06762707,60.23917237],[11.067610640000002,60.23921969],[11.06758887,60.23928424999998],[11.067567109999999,60.23934880999999],[11.06754078,60.23943405000001],[11.06751445,60.23951929999999],[11.067495220000001,60.2395792],[11.067475990000002,60.23963911],[11.067456769999998,60.23969901999999],[11.06743663,60.239766370000005],[11.067416479999999,60.23983371999999],[11.067396339999998,60.23990106999999],[11.0673762,60.239964709999995],[11.067356069999999,60.24002833999999],[11.06733593,60.240091979999995],[11.06741515,60.24009516],[11.067683549999998,60.24005478999999],[11.06794251,60.24000844000001]]]}},{"type":"Feature","properties":{"BESTANDNR":"1-28","TEIG":"1","AREAL_DAA":7.0,"TRESLAG":"G","BONITET":14,"ALDER":68,"VOLUM_DAA":15.8,"TREANTALL":103,"MIDDELHOYDE":16.6,"MILJOFIGUR":null,"MERKNAD":null,"KILDE":"Tidligere skogbruksplan (NIBIO) + SR16","PLAN_HOGSTKLASSE":3,"PLAN_REGISTRERT":"2013","SR16_ALDER":55,"SR16_BONITET":17,"SR16_VOLUM_MB_DAA":18.4,"SR16_VOLUM_USIKKERHET_PST":36,"SR16_DEKNING_PST":100},"geometry":{"type":"Polygon","coordinates":[[[11.066842269999999,60.23992035999999],[11.06687627,60.239896869999995],[11.06695057,60.239812350000015],[11.06699066,60.23976244999999],[11.067114229999998,60.23958496],[11.06713827,60.239494650000005],[11.06713891,60.23945986999999],[11.06705926,60.23937883000001],[11.0669925,60.23935765999999],[11.06680878,60.23930675],[11.06669536,60.23923668],[11.06669256,60.23923666999999],[11.06664606,60.23917942000001],[11.06653097,60.239048139999994],[11.06637522,60.23899734999999],[11.06626129,60.23895509999999],[11.066133790000002,60.23889052999999],[11.066067080000002,60.23886658],[11.06590844,60.23882134],[11.06590287,60.23881993],[11.065721439999999,60.23879683999999],[11.0655759,60.23880035],[11.06539152,60.2387856],[11.065266139999999,60.23875721],[11.065093209999997,60.23872859999999],[11.06500092,60.23872679000001],[11.06489066,60.23878888],[11.064961860000002,60.23887267000001],[11.065025429999999,60.23891469999998],[11.065062949999998,60.239003890000006],[11.0650656,60.23901224999999],[11.065195899999999,60.23907683999999],[11.065240510000002,60.239085380000006],[11.065421989999999,60.239105689999995],[11.06550291,60.23911718000001],[11.0656615,60.23916520000001],[11.065764339999998,60.239201839999986],[11.06588618,60.23927056],[11.06592478,60.23930134],[11.066015049999999,60.239413029999994],[11.066110639999998,60.239540049999995],[11.066195389999999,60.23964754999999],[11.06627755,60.239743909999994],[11.0662619,60.23983426],[11.066283739999998,60.23986356999999],[11.06640843,60.23992952],[11.06645304,60.23993805999999],[11.066631829999999,60.23995278999998],[11.06667105,60.23995018000001],[11.066842269999999,60.23992035999999]]]}},{"type":"Feature","properties":{"BESTANDNR":"1-29","TEIG":"1","AREAL_DAA":11.5,"TRESLAG":"G","BONITET":20,"ALDER":18,"VOLUM_DAA":5.2,"TREANTALL":86,"MIDDELHOYDE":10.5,"MILJOFIGUR":null,"MERKNAD":null,"KILDE":"Tidligere skogbruksplan (NIBIO) + SR16","PLAN_HOGSTKLASSE":2,"PLAN_REGISTRERT":"2013","SR16_ALDER":32,"SR16_BONITET":20,"SR16_VOLUM_MB_DAA":6.0,"SR16_VOLUM_USIKKERHET_PST":46,"SR16_DEKNING_PST":100},"geometry":{"type":"Polygon","coordinates":[[[11.06330676,60.24021002],[11.063353709999998,60.24009199],[11.06336254,60.240068390000005],[11.063425690000003,60.23998242999998],[11.06354178,60.23990784000001],[11.063691099999998,60.23985149],[11.063846,60.239796550000015],[11.063919349999999,60.2397635],[11.06402423,60.23969025999999],[11.06406416,60.23964870999999],[11.064121729999998,60.239561329999994],[11.064109029999997,60.239491719999975],[11.06407715,60.23939976],[11.06401189,60.23929792],[11.063954759999998,60.23921001999999],[11.063885789999999,60.239156849999986],[11.063778050000002,60.23908263],[11.063769709999999,60.23907981000001],[11.06367601,60.23900287],[11.06363513,60.23894425999998],[11.06361451,60.23892091],[11.06356114,60.23886046],[11.06351117,60.23883935999999],[11.06316625,60.23888230000001],[11.06300345,60.23891076999998],[11.062770719999998,60.238938909999995],[11.06269783,60.238946930000004],[11.06253205,60.23898512],[11.0625068,60.23898918],[11.0623383,60.23902317999999],[11.062245499999998,60.23904918999999],[11.062118389999998,60.23911397999997],[11.06210877,60.23918071],[11.06211826,60.23927256999998],[11.062111779999999,60.23931982999999],[11.06195702,60.23936781],[11.06176367,60.239383619999984],[11.06192231,60.23942886],[11.06197485,60.23946248],[11.06205448,60.239543530000006],[11.062112609999998,60.23957717999998],[11.06229519,60.239689309999996],[11.06240845,60.23976771999999],[11.062535930000001,60.23983369],[11.062647390000002,60.23985784999999],[11.06278904,60.23991413999999],[11.062827609999998,60.239946309999986],[11.06286793,60.24003552],[11.06287332,60.24004667000001],[11.06291307,60.240166489999986],[11.06297023,60.240253],[11.062972769999998,60.24026692000001],[11.06315754,60.24026081000001],[11.06330676,60.24021002]]]}},{"type":"Feature","properties":{"BESTANDNR":"1-30","TEIG":"1","AREAL_DAA":16.2,"TRESLAG":"G","BONITET":20,"ALDER":18,"VOLUM_DAA":5.0,"TREANTALL":86,"MIDDELHOYDE":9.8,"MILJOFIGUR":null,"MERKNAD":null,"KILDE":"Tidligere skogbruksplan (NIBIO) + SR16","PLAN_HOGSTKLASSE":2,"PLAN_REGISTRERT":"2013","SR16_ALDER":32,"SR16_BONITET":20,"SR16_VOLUM_MB_DAA":5.8,"SR16_VOLUM_USIKKERHET_PST":58,"SR16_DEKNING_PST":100},"geometry":{"type":"Polygon","coordinates":[[[11.06077275,60.24001339999999],[11.060838699999998,60.23992746],[11.060844339999997,60.23992470000001],[11.06092423,60.2398416],[11.06106517,60.23978522000001],[11.061250270000002,60.23976103000001],[11.06144071,60.23975076999999],[11.0616309,60.23975442],[11.061912660000003,60.23979884],[11.06189177,60.23971806],[11.0617367,60.2396311],[11.06167293,60.239600210000006],[11.061576479999998,60.23952047999999],[11.06153042,60.23943958],[11.06155923,60.23938838000001],[11.061579599999998,60.23935217],[11.061580759999998,60.239289580000005],[11.061634820000002,60.23924114],[11.06170248,60.23921363000001],[11.061732129999998,60.239123339999985],[11.0617156,60.23910935999999],[11.061542719999998,60.23907796000001],[11.06136065,60.23908964999999],[11.061315779999997,60.23909499999999],[11.06113366,60.23910946999999],[11.06094908,60.23910584],[11.06090996,60.23910288],[11.06075421,60.23905348],[11.060748769999998,60.23904511],[11.060797950000001,60.23895768999999],[11.06082478,60.23886879],[11.060814109999999,60.238840919999994],[11.06075416,60.23875439999997],[11.06064643,60.238680180000024],[11.06057696,60.23865482],[11.06039538,60.238640069999974],[11.060336659999999,60.238638409999986],[11.060160879999998,60.23861256],[11.060044239999998,60.23856611999999],[11.059913609999999,60.23851961999999],[11.059888510000002,60.23851532999999],[11.059706649999999,60.23851588],[11.0596982,60.23851863000002],[11.059621149999998,60.23860035],[11.05962099,60.23860869],[11.059552270000001,60.23869323000001],[11.05940605,60.238732899999995],[11.059288500000001,60.23873514000002],[11.059247940000002,60.23873591],[11.059246864675478,60.238737163925364],[11.059242161556003,60.23874265095427],[11.059219896451747,60.238768867659346],[11.05918867,60.23880564],[11.05917859,60.23887717],[11.05916851,60.2389487],[11.059165252754921,60.23897179128452],[11.059158425448087,60.23902023303078],[11.059150621153302,60.23915490266196],[11.059087449180256,60.23924773149183],[11.059077849999998,60.23926184],[11.05927091,60.23925267],[11.059452820000002,60.239262430000004],[11.059488439999999,60.239277900000005],[11.059607710000002,60.239346030000014],[11.05964556,60.239379359999994],[11.05965667,60.23947122],[11.05964093,60.23949027],[11.059536969999996,60.23956375999999],[11.05952137,60.239575159999994],[11.05939197,60.23963832],[11.0593662,60.23964458],[11.059310559999998,60.23965634999999],[11.05938433,60.239749670000016],[11.05949212,60.23982111],[11.059621270000001,60.2399469],[11.05965137,60.23998320999999],[11.059787290000001,60.240046430000014],[11.05997175,60.24005702],[11.060150850000001,60.24005506000001],[11.06040197,60.24009237999999],[11.060505190000002,60.24010815],[11.060673749999998,60.24007136999999],[11.06077275,60.24001339999999]]]}},{"type":"Feature","properties":{"BESTANDNR":"1-31","TEIG":"1","AREAL_DAA":6.1,"TRESLAG":"G","BONITET":17,"ALDER":58,"VOLUM_DAA":16.6,"TREANTALL":116,"MIDDELHOYDE":14.0,"MILJOFIGUR":null,"MERKNAD":null,"KILDE":"Tidligere skogbruksplan (NIBIO) + SR16","PLAN_HOGSTKLASSE":3,"PLAN_REGISTRERT":"2013","SR16_ALDER":47,"SR16_BONITET":17,"SR16_VOLUM_MB_DAA":19.3,"SR16_VOLUM_USIKKERHET_PST":62,"SR16_DEKNING_PST":100},"geometry":{"type":"Polygon","coordinates":[[[11.07305849,60.23951116],[11.07311467,60.23941896000002],[11.07312828,60.239403059999994],[11.0729523,60.23931220999999],[11.072788129999998,60.23927225999999],[11.07270954,60.239257650000006],[11.07255021,60.23921415],[11.07236932,60.23917413],[11.071905199999998,60.23907104],[11.071748939999999,60.23903171999999],[11.071619710000002,60.23909997],[11.071554949999998,60.23914119],[11.07140022,60.23918830999999],[11.07135852,60.23918971],[11.07119253,60.23915071],[11.07112279,60.23910736],[11.07105064,60.23902096000001],[11.07099757,60.23894262000001],[11.070950959999998,60.238877599999995],[11.070830220000001,60.23891767],[11.070742739999998,60.23899687999998],[11.07071337,60.23903477],[11.07070694,60.239125050000006],[11.070713999999999,60.239131019999995],[11.070772179999999,60.23921682999999],[11.070823880000003,60.239264590000005],[11.070959,60.23932461],[11.071023040000002,60.23935104],[11.07120572,60.23942435],[11.071316729999998,60.23949614],[11.07134041,60.23950812999999],[11.07140819,60.23959161],[11.071410450000002,60.239598750000006],[11.071471319999999,60.23966793999998],[11.07164526,60.23969605],[11.07170289,60.23968087000001],[11.071854369999999,60.239630449999986],[11.07195037,60.239608309999994],[11.072129949999999,60.23958892000002],[11.072153869999998,60.23958783999999],[11.072337869999998,60.23958867],[11.072516880000002,60.23960136000001],[11.072571769999998,60.23960516999998],[11.07275062,60.23962617],[11.07289057,60.23968384],[11.07290717,60.23969104],[11.07300053,60.23970048],[11.072992229999999,60.23962881],[11.07305849,60.23951116]]]}},{"type":"Feature","properties":{"BESTANDNR":"1-32","TEIG":"1","AREAL_DAA":54.7,"TRESLAG":"G","BONITET":20,"ALDER":53,"VOLUM_DAA":15.9,"TREANTALL":84,"MIDDELHOYDE":15.4,"MILJOFIGUR":null,"MERKNAD":null,"KILDE":"Tidligere skogbruksplan (NIBIO) + SR16","PLAN_HOGSTKLASSE":3,"PLAN_REGISTRERT":"2013","SR16_ALDER":51,"SR16_BONITET":17,"SR16_VOLUM_MB_DAA":18.4,"SR16_VOLUM_USIKKERHET_PST":33,"SR16_DEKNING_PST":100},"geometry":{"type":"Polygon","coordinates":[[[11.067393239999998,60.2411933],[11.06737585,60.24113513999999],[11.06735961,60.241086849999995],[11.06734338,60.24103855],[11.06732124,60.24097673999999],[11.067301449999999,60.240916469999995],[11.06728167,60.2408562],[11.06726022,60.240788220000006],[11.06723877,60.240720249999995],[11.067225430000002,60.240673390000005],[11.06721209,60.24062653],[11.06720043,60.24056474000001],[11.06719423,60.240498009999996],[11.067195540000002,60.24046718],[11.06721026,60.24039106000001],[11.06722451,60.24033636],[11.067238769999998,60.24028165999998],[11.06725552,60.24021772],[11.06727226,60.24015377999999],[11.067292069999999,60.24009121999998],[11.06731189,60.24002867],[11.067334620000002,60.23995085000001],[11.06735736,60.23987303000001],[11.067376989999998,60.23979906999999],[11.06739663,60.23972511],[11.06741647,60.23966578999999],[11.0674363,60.23960646999999],[11.067458649999999,60.23953390999999],[11.06748099,60.23946134],[11.06750482,60.2393981],[11.06752866,60.23933485],[11.06754184,60.23929036999999],[11.067555019999999,60.23924587999999],[11.06757579,60.23918694999998],[11.06759655,60.23912802000001],[11.06761676,60.23906039],[11.067636979999998,60.23899275],[11.067655,60.238934670000006],[11.06767301,60.23887658999998],[11.067700700000001,60.23879855999999],[11.06772839,60.23872052],[11.06774025,60.23865374],[11.06775212,60.23858695000002],[11.067769749999998,60.23852990999999],[11.06778738,60.23847286999999],[11.067800669999999,60.23842142],[11.067813949999998,60.23836997],[11.067830120000002,60.23831124999999],[11.06784629,60.238252530000004],[11.067860429999998,60.23819885999997],[11.067874569999999,60.238145199999984],[11.06789175,60.23809387000001],[11.067908919999999,60.23804254],[11.067929089999998,60.23797274999998],[11.06794926,60.23790296000001],[11.067973080000002,60.23781951],[11.0679969,60.237736049999995],[11.068001370000001,60.23771910000001],[11.06751709,60.23768073],[11.06738466,60.23774302],[11.067336140000002,60.237816710000004],[11.06722506,60.237966820000004],[11.067140019999998,60.23804876],[11.067120160000002,60.23806959000001],[11.06697382,60.23812347999999],[11.066833470000002,60.23814535],[11.06665402,60.238157350000016],[11.066513779999998,60.238169469999995],[11.06633973,60.238198199999985],[11.0661823,60.238242310000004],[11.066176669999999,60.238245079999984],[11.06602737,60.23831149],[11.06588084,60.23838071000001],[11.065747790000001,60.23842977],[11.065778909999999,60.238450470000004],[11.065668399999998,60.23852646999998],[11.0654916,60.23855626999999],[11.06546921,60.23855617000001],[11.065228839999998,60.23854395],[11.06506712,60.23851399999998],[11.064866189999998,60.23848665],[11.064815679999999,60.23849476999999],[11.06468297,60.23856093],[11.06457523,60.23863834],[11.064563980000003,60.23864107],[11.064411869999999,60.23869741000001],[11.064235139999997,60.238723039999996],[11.064150950000002,60.23873656000001],[11.064052650000002,60.23875698],[11.063906159999998,60.23881194999999],[11.06382721,60.23884498],[11.06361451,60.23892091],[11.06363513,60.23894425999998],[11.06367601,60.23900287],[11.063769709999999,60.23907981000001],[11.063778050000002,60.23908263],[11.063885789999999,60.239156849999986],[11.063954759999998,60.23921001999999],[11.06401189,60.23929792],[11.06407715,60.23939976],[11.064109029999997,60.239491719999975],[11.064121729999998,60.239561329999994],[11.06406416,60.23964870999999],[11.06402423,60.23969025999999],[11.063919349999999,60.2397635],[11.063846,60.239796550000015],[11.063691099999998,60.23985149],[11.06354178,60.23990784000001],[11.063425690000003,60.23998242999998],[11.06336254,60.240068390000005],[11.063353709999998,60.24009199],[11.06330676,60.24021002],[11.06315754,60.24026081000001],[11.062972769999998,60.24026692000001],[11.06295185,60.24033405],[11.063123229999999,60.24041254],[11.063159260000003,60.24043078],[11.06328382,60.24050369],[11.06341364,60.24059470000001],[11.06343296,60.2406087],[11.06357179,60.240666370000014],[11.06361075,60.24067768],[11.063766560000001,60.24068808],[11.06383431,60.24069261],[11.06401891,60.240696230000005],[11.064026260000002,60.24069674],[11.06447439,60.24072752],[11.0646643,60.24074647],[11.064845859999998,60.240762600000004],[11.065015700000002,60.24080789],[11.065182579999998,60.24086150999999],[11.06529093,60.24090374],[11.065469230000001,60.24094488999999],[11.06549418,60.240957529999996],[11.065621649999999,60.24102488],[11.0656879,60.241073869999994],[11.0658295,60.24113294],[11.06595786,60.24115161000001],[11.066142489999999,60.241153839999996],[11.06617329,60.24115259],[11.06635806,60.241146470000004],[11.06652015,60.24115694000001],[11.06660108,60.24116844],[11.066799129999998,60.24120134000001],[11.06694962,60.24123400999999],[11.067128289999998,60.24125568999998],[11.06740051,60.2412176],[11.067393239999998,60.2411933]],[[11.06640843,60.23992952],[11.066283739999998,60.23986356999999],[11.0662619,60.23983426],[11.06627755,60.239743909999994],[11.066195389999999,60.23964754999999],[11.066110639999998,60.239540049999995],[11.066015049999999,60.239413029999994],[11.06592478,60.23930134],[11.06588618,60.23927056],[11.065764339999998,60.239201839999986],[11.0656615,60.23916520000001],[11.06550291,60.23911718000001],[11.065421989999999,60.239105689999995],[11.065240510000002,60.239085380000006],[11.065195899999999,60.23907683999999],[11.0650656,60.23901224999999],[11.065062949999998,60.239003890000006],[11.065025429999999,60.23891469999998],[11.064961860000002,60.23887267000001],[11.06489066,60.23878888],[11.06500092,60.23872679000001],[11.065093209999997,60.23872859999999],[11.065266139999999,60.23875721],[11.06539152,60.2387856],[11.0655759,60.23880035],[11.065721439999999,60.23879683999999],[11.06590287,60.23881993],[11.06590844,60.23882134],[11.066067080000002,60.23886658],[11.066133790000002,60.23889052999999],[11.06626129,60.23895509999999],[11.06637522,60.23899734999999],[11.06653097,60.239048139999994],[11.06664606,60.23917942000001],[11.06669256,60.23923666999999],[11.06669536,60.23923668],[11.06680878,60.23930675],[11.0669925,60.23935765999999],[11.06705926,60.23937883000001],[11.06713891,60.23945986999999],[11.06713827,60.239494650000005],[11.067114229999998,60.23958496],[11.06699066,60.23976244999999],[11.06695057,60.239812350000015],[11.06687627,60.239896869999995],[11.066842269999999,60.23992035999999],[11.06667105,60.23995018000001],[11.066631829999999,60.23995278999998],[11.06645304,60.23993805999999],[11.06640843,60.23992952]]]}},{"type":"Feature","properties":{"BESTANDNR":"1-33","TEIG":"1","AREAL_DAA":5.4,"TRESLAG":"G","BONITET":20,"ALDER":48,"VOLUM_DAA":16.6,"TREANTALL":123,"MIDDELHOYDE":14.6,"MILJOFIGUR":null,"MERKNAD":null,"KILDE":"Tidligere skogbruksplan (NIBIO) + SR16","PLAN_HOGSTKLASSE":3,"PLAN_REGISTRERT":"2013","SR16_ALDER":48,"SR16_BONITET":17,"SR16_VOLUM_MB_DAA":19.3,"SR16_VOLUM_USIKKERHET_PST":51,"SR16_DEKNING_PST":100},"geometry":{"type":"Polygon","coordinates":[[[11.07155376,60.24065094999999],[11.071621229999998,60.24062036],[11.07172536,60.24054598],[11.071744909999998,60.2405223],[11.07177288,60.24042975],[11.071786089999998,60.24036088999999],[11.071826730000002,60.24022918],[11.07185963,60.24012833999999],[11.071916219999999,60.240039469999985],[11.071945369999998,60.24001346999997],[11.07207517,60.23997246],[11.072257260000002,60.23994713999999],[11.07233149,60.23993916],[11.07250399,60.23991497999999],[11.072676669999998,60.239881299999986],[11.072769979999999,60.23987577999999],[11.072979349999999,60.23989039999998],[11.07299473,60.239844],[11.07300332,60.2397245],[11.07300053,60.23970048],[11.07290717,60.23969104],[11.07289057,60.23968384],[11.07275062,60.23962617],[11.072571769999998,60.23960516999998],[11.072516880000002,60.23960136000001],[11.072337869999998,60.23958867],[11.072153869999998,60.23958783999999],[11.072129949999999,60.23958892000002],[11.07195037,60.239608309999994],[11.071854369999999,60.239630449999986],[11.07170289,60.23968087000001],[11.07164526,60.23969605],[11.071471319999999,60.23966793999998],[11.071462110000002,60.239779590000005],[11.07148132,60.23990562],[11.071439069999998,60.23999455],[11.07143649,60.240005229999994],[11.071386569999998,60.24012144999999],[11.07132759,60.2402103],[11.071300509999999,60.24025413999998],[11.0712311,60.24039047],[11.071162650000002,60.24047452],[11.071157659999999,60.240486379999986],[11.071022839999998,60.24054043],[11.07085723,60.24057889],[11.070921129999999,60.24061364000001],[11.071142349999999,60.240670479999984],[11.07146378,60.2407361],[11.07154892,60.2406545],[11.07155376,60.24065094999999]]]}},{"type":"Feature","properties":{"BESTANDNR":"1-34","TEIG":"1","AREAL_DAA":9.1,"TRESLAG":"G","BONITET":17,"ALDER":33,"VOLUM_DAA":11.1,"TREANTALL":133,"MIDDELHOYDE":13.0,"MILJOFIGUR":null,"MERKNAD":null,"KILDE":"Tidligere skogbruksplan (NIBIO) + SR16","PLAN_HOGSTKLASSE":2,"PLAN_REGISTRERT":"2013","SR16_ALDER":42,"SR16_BONITET":18,"SR16_VOLUM_MB_DAA":13.1,"SR16_VOLUM_USIKKERHET_PST":30,"SR16_DEKNING_PST":100},"geometry":{"type":"Polygon","coordinates":[[[11.07085723,60.24057889],[11.071022839999998,60.24054043],[11.071157659999999,60.240486379999986],[11.071162650000002,60.24047452],[11.0712311,60.24039047],[11.071300509999999,60.24025413999998],[11.07132759,60.2402103],[11.071386569999998,60.24012144999999],[11.07143649,60.240005229999994],[11.071439069999998,60.23999455],[11.07148132,60.23990562],[11.071462110000002,60.239779590000005],[11.07128028,60.23979064999999],[11.071244700000001,60.239776230000004],[11.071090739999999,60.239700679999984],[11.071010519999998,60.23964447],[11.070880279999999,60.23957853],[11.07086125,60.239573690000014],[11.07071407,60.23951956],[11.07067134,60.23950392000001],[11.07051452,60.2394545],[11.070335649999999,60.239434680000016],[11.070261549999998,60.23943552999999],[11.070079619999998,60.23945253],[11.070007839999999,60.239456960000005],[11.069837619999998,60.23948708000001],[11.06983282,60.23948824999999],[11.069676619999997,60.23953506999999],[11.06960926,60.23955972],[11.06944833,60.23960414],[11.06942917,60.23960642999999],[11.069153839999998,60.239633700000006],[11.06899526,60.23968051],[11.06896158,60.23969224],[11.068874690000001,60.23973938],[11.06869629,60.239824119999994],[11.068514399999998,60.23983873999999],[11.068341619999998,60.23987717],[11.0683368,60.23987952],[11.06811276,60.23997713],[11.06794251,60.24000844000001],[11.067683549999998,60.24005478999999],[11.06741515,60.24009516],[11.06733593,60.240091979999995],[11.06731278,60.240174610000004],[11.06730556,60.24020036000001],[11.06764294,60.24018412000001],[11.067824359999998,60.24019564],[11.06800836,60.24019647],[11.068022699999998,60.24019654],[11.06821157,60.24019264],[11.068262049999998,60.240176240000004],[11.06836861,60.24009949],[11.06852836,60.23998971],[11.06868931,60.23994409999999],[11.06876126,60.23993016],[11.06889334,60.23989512],[11.06900468,60.239818389999996],[11.06910837,60.23976775999999],[11.069287829999999,60.23975550999997],[11.069460579999998,60.23971825999999],[11.06956138,60.23969496],[11.06974335,60.23967557999999],[11.069805590000001,60.239669920000004],[11.07009977,60.23965699],[11.070234900000003,60.239717010000014],[11.0702932,60.23979570000001],[11.07033939,60.23988382999998],[11.070348509999999,60.23990764],[11.07037041,60.24001705],[11.07037191,60.24006577999999],[11.070383099999999,60.24023812000001],[11.070421549999999,60.24048781],[11.07045334,60.24057945],[11.07051393,60.240664079999995],[11.070518659999998,60.24066647999998],[11.070566039999997,60.240689270000004],[11.07069628,60.24062451],[11.07085723,60.24057889]]]}},{"type":"Feature","properties":{"BESTANDNR":"1-35","TEIG":"1","AREAL_DAA":13.5,"TRESLAG":"G","BONITET":14,"ALDER":23,"VOLUM_DAA":3.5,"TREANTALL":64,"MIDDELHOYDE":9.4,"MILJOFIGUR":null,"MERKNAD":"Treslag: plan F, SR16 G","KILDE":"Tidligere skogbruksplan (NIBIO) + SR16","PLAN_HOGSTKLASSE":2,"PLAN_REGISTRERT":"2013","SR16_ALDER":31,"SR16_BONITET":20,"SR16_VOLUM_MB_DAA":4.0,"SR16_VOLUM_USIKKERHET_PST":58,"SR16_DEKNING_PST":100},"geometry":{"type":"Polygon","coordinates":[[[11.067456069999999,60.24072985000001],[11.06762865,60.24070211],[11.067676529999998,60.24069757999999],[11.067860579999998,60.240696029999995],[11.0681208,60.24071146999999],[11.06822349,60.2407155],[11.068412379999998,60.240710419999985],[11.068699839999999,60.240673699999995],[11.068733399999998,60.24066791],[11.068903680000002,60.24063541000001],[11.069004220000002,60.24062636],[11.06918848,60.24061293999999],[11.06930588,60.24059683],[11.06936571,60.240592349999986],[11.06954522,60.24057772],[11.0696674,60.24056164],[11.06984471,60.24053630000001],[11.06997393,60.24052738],[11.07015576,60.24051631999999],[11.070421549999999,60.24048781],[11.070383099999999,60.24023812000001],[11.07037191,60.24006577999999],[11.07037041,60.24001705],[11.070348509999999,60.23990764],[11.07033939,60.23988382999998],[11.0702932,60.23979570000001],[11.070234900000003,60.239717010000014],[11.07009977,60.23965699],[11.069805590000001,60.239669920000004],[11.06974335,60.23967557999999],[11.06956138,60.23969496],[11.069460579999998,60.23971825999999],[11.069287829999999,60.23975550999997],[11.06910837,60.23976775999999],[11.06900468,60.239818389999996],[11.06889334,60.23989512],[11.06876126,60.23993016],[11.06868931,60.23994409999999],[11.06852836,60.23998971],[11.06836861,60.24009949],[11.068262049999998,60.240176240000004],[11.06821157,60.24019264],[11.068022699999998,60.24019654],[11.06800836,60.24019647],[11.067824359999998,60.24019564],[11.06764294,60.24018412000001],[11.06730556,60.24020036000001],[11.06728962,60.240257249999985],[11.06727646,60.24030639999999],[11.067263300000002,60.240355560000005],[11.06724991,60.24042116],[11.0672444,60.24048852000001],[11.067245339999998,60.24056359],[11.06725644,60.24063375],[11.06728344,60.2407209],[11.06729305,60.24075223],[11.06742014,60.240734440000004],[11.067456069999999,60.24072985000001]]]}},{"type":"Feature","properties":{"BESTANDNR":"1-36","TEIG":"1","AREAL_DAA":15.6,"TRESLAG":"G","BONITET":20,"ALDER":23,"VOLUM_DAA":5.1,"TREANTALL":92,"MIDDELHOYDE":8.8,"MILJOFIGUR":null,"MERKNAD":null,"KILDE":"Tidligere skogbruksplan (NIBIO) + SR16","PLAN_HOGSTKLASSE":2,"PLAN_REGISTRERT":"2013","SR16_ALDER":28,"SR16_BONITET":20,"SR16_VOLUM_MB_DAA":5.9,"SR16_VOLUM_USIKKERHET_PST":71,"SR16_DEKNING_PST":100},"geometry":{"type":"Polygon","coordinates":[[[11.05874727,60.24075526],[11.05878105,60.24074429000001],[11.05893034,60.24069072999999],[11.059093409999996,60.240648349999994],[11.05923899,60.24064346],[11.05941151,60.24069432999999],[11.0595588,60.24074787000001],[11.05967302,60.24077483000001],[11.05984888,60.2407965],[11.05992711,60.240802429999995],[11.06011736,60.240803299999996],[11.06013979,60.24080062],[11.06031107,60.24076801999999],[11.06031952,60.24076527999999],[11.06047704,60.24072009999999],[11.060558400000001,60.24070795000001],[11.060743020000002,60.24071019],[11.060899229999999,60.240735949999994],[11.061018749999999,60.24077823],[11.06119164,60.24080962],[11.06134285,60.24080336],[11.061511350000002,60.24076936000001],[11.06166107,60.24069213999999],[11.06164996,60.24068791999999],[11.06147443,60.24064815999998],[11.061324309999996,60.240596009999976],[11.061269599999997,60.240528979999986],[11.0612829,60.240414980000004],[11.061306780000002,60.24033440000002],[11.06133364,60.24024411],[11.06137404,60.24017752000001],[11.06150397,60.24011134999999],[11.061555819999999,60.240030899999994],[11.06153686,60.23999743000001],[11.061560919999998,60.239907119999984],[11.06167365,60.239863119999995],[11.06184487,60.23983329999999],[11.061912660000003,60.23979884],[11.0616309,60.23975442],[11.06144071,60.23975076999999],[11.061250270000002,60.23976103000001],[11.06106517,60.23978522000001],[11.06092423,60.2398416],[11.060844339999997,60.23992470000001],[11.060838699999998,60.23992746],[11.06077275,60.24001339999999],[11.060673749999998,60.24007136999999],[11.060505190000002,60.24010815],[11.06040197,60.24009237999999],[11.060150850000001,60.24005506000001],[11.05997175,60.24005702],[11.059787290000001,60.240046430000014],[11.05965137,60.23998320999999],[11.059621270000001,60.2399469],[11.05949212,60.23982111],[11.05938433,60.239749670000016],[11.059310559999998,60.23965634999999],[11.05918339,60.239683269999986],[11.05896173,60.239742179999986],[11.058948720000002,60.23975231999997],[11.058888149999998,60.23983748],[11.05887466,60.23987312],[11.058819189999998,60.239959569999996],[11.05881396,60.239964650000005],[11.058704879999999,60.2400381],[11.05864271,60.240070969999984],[11.0585006,60.240127699999995],[11.058466879999997,60.24014795000001],[11.05839861,60.24023307],[11.058373869999999,60.24032220999999],[11.058373819999998,60.24032475999999],[11.058349070000002,60.24041391],[11.05834264,60.24048401],[11.058410310000001,60.24056848],[11.058419520000001,60.24062462999999],[11.058387079999997,60.240713740000004],[11.058378819999998,60.24074431],[11.05843362,60.24083126999998],[11.058448799999999,60.24084281999999],[11.05851399,60.240874899999994],[11.058609069999997,60.24081443999999],[11.05874727,60.24075526]]]}},{"type":"Feature","properties":{"BESTANDNR":"1-37","TEIG":"1","AREAL_DAA":8.9,"TRESLAG":"G","BONITET":20,"ALDER":38,"VOLUM_DAA":10.3,"TREANTALL":143,"MIDDELHOYDE":12.8,"MILJOFIGUR":null,"MERKNAD":null,"KILDE":"Tidligere skogbruksplan (NIBIO) + SR16","PLAN_HOGSTKLASSE":3,"PLAN_REGISTRERT":"2013","SR16_ALDER":40,"SR16_BONITET":18,"SR16_VOLUM_MB_DAA":12.1,"SR16_VOLUM_USIKKERHET_PST":33,"SR16_DEKNING_PST":100},"geometry":{"type":"Polygon","coordinates":[[[11.06239383,60.24070801999999],[11.06261755,60.240562980000014],[11.06272802,60.24048976000001],[11.062860699999998,60.24042638],[11.062863549999998,60.24042360999999],[11.06294897,60.240343319999994],[11.06295185,60.24033405],[11.062972769999998,60.24026692000001],[11.06297023,60.240253],[11.06291307,60.240166489999986],[11.06287332,60.24004667000001],[11.06286793,60.24003552],[11.062827609999998,60.239946309999986],[11.06278904,60.23991413999999],[11.062647390000002,60.23985784999999],[11.062535930000001,60.23983369],[11.06240845,60.23976771999999],[11.06229519,60.239689309999996],[11.062112609999998,60.23957717999998],[11.06205448,60.239543530000006],[11.06197485,60.23946248],[11.06192231,60.23942886],[11.06176367,60.239383619999984],[11.06155923,60.23938838000001],[11.06153042,60.23943958],[11.061576479999998,60.23952047999999],[11.06167293,60.239600210000006],[11.0617367,60.2396311],[11.06189177,60.23971806],[11.061912660000003,60.23979884],[11.06184487,60.23983329999999],[11.06167365,60.239863119999995],[11.061560919999998,60.239907119999984],[11.06153686,60.23999743000001],[11.061555819999999,60.240030899999994],[11.06150397,60.24011134999999],[11.06137404,60.24017752000001],[11.06133364,60.24024411],[11.061306780000002,60.24033440000002],[11.0612829,60.240414980000004],[11.061269599999997,60.240528979999986],[11.061324309999996,60.240596009999976],[11.06147443,60.24064815999998],[11.06164996,60.24068791999999],[11.06166107,60.24069213999999],[11.061916939999998,60.24077539],[11.06209278,60.24079845],[11.062120549999998,60.24080970999999],[11.0621264,60.24082008],[11.06226667,60.240775600000006],[11.06239383,60.24070801999999]]]}},{"type":"Feature","properties":{"BESTANDNR":"1-38","TEIG":"1","AREAL_DAA":12.0,"TRESLAG":"L","BONITET":20,"ALDER":13,"VOLUM_DAA":7.3,"TREANTALL":103,"MIDDELHOYDE":10.5,"MILJOFIGUR":null,"MERKNAD":"Treslag: plan G, SR16 L","KILDE":"Tidligere skogbruksplan (NIBIO) + SR16","PLAN_HOGSTKLASSE":1,"PLAN_REGISTRERT":"2013","SR16_ALDER":33,"SR16_BONITET":18,"SR16_VOLUM_MB_DAA":8.5,"SR16_VOLUM_USIKKERHET_PST":32,"SR16_DEKNING_PST":100},"geometry":{"type":"Polygon","coordinates":[[[11.0719885,60.24197419],[11.07191903,60.24185149],[11.071853680000002,60.24176565],[11.07182602,60.24170968000001],[11.07187779,60.24162317000001],[11.07188506,60.24161727],[11.07204365,60.24157045],[11.07220785,60.24160921],[11.072229249999998,60.24161524999999],[11.072374029999999,60.24167056],[11.07238574,60.24168368],[11.0725184,60.24174844],[11.072535110000002,60.24174971000001],[11.07264011,60.24174243000001],[11.07271219,60.24173743000001],[11.072753179999998,60.24171742000001],[11.072831139999998,60.24163577999999],[11.07283772,60.24153719],[11.072829799999997,60.24144685],[11.07282533,60.24143020000001],[11.07278393,60.24134089999999],[11.072739480000001,60.241288420000004],[11.07265974,60.241204879999984],[11.07261722,60.24104666],[11.072576280000002,60.24093241],[11.07255403,60.24084200999999],[11.07255574,60.24074815000001],[11.07257604,60.24068289],[11.072644509999998,60.240597640000004],[11.07275448,60.24033317],[11.07283163,60.24016479000001],[11.072878349999998,60.240092519999976],[11.07294447,60.240004889999994],[11.072970979999997,60.23991561999999],[11.072979349999999,60.23989039999998],[11.072769979999999,60.23987577999999],[11.072676669999998,60.239881299999986],[11.07250399,60.23991497999999],[11.07233149,60.23993916],[11.072257260000002,60.23994713999999],[11.07207517,60.23997246],[11.071945369999998,60.24001346999997],[11.071916219999999,60.240039469999985],[11.07185963,60.24012833999999],[11.071826730000002,60.24022918],[11.071786089999998,60.24036088999999],[11.07177288,60.24042975],[11.071744909999998,60.2405223],[11.07172536,60.24054598],[11.071621229999998,60.24062036],[11.07155376,60.24065094999999],[11.07154892,60.2406545],[11.07146378,60.2407361],[11.0714934,60.24081584000001],[11.07158757,60.240893500000006],[11.071653270000002,60.24096033],[11.07165553,60.240967470000015],[11.071673,60.241057860000005],[11.071679959999999,60.24106977000001],[11.07171179,60.24115902999999],[11.07171246,60.2412529],[11.07167825,60.241294329999995],[11.07154349,60.24134482],[11.07143713,60.24141088],[11.071439460000002,60.24141445],[11.071520339999998,60.24156571999998],[11.071527340000001,60.24157525],[11.07149404,60.24169749000001],[11.071474159999998,60.24173899],[11.071469170000002,60.24175085],[11.071503349999999,60.24184249],[11.071624380000001,60.24188938000001],[11.071896229999998,60.24205339],[11.07198608,60.24197537],[11.0719885,60.24197419]]]}},{"type":"Feature","properties":{"BESTANDNR":"1-39","TEIG":"1","AREAL_DAA":10.1,"TRESLAG":"G","BONITET":20,"ALDER":18,"VOLUM_DAA":4.7,"TREANTALL":93,"MIDDELHOYDE":8.7,"MILJOFIGUR":null,"MERKNAD":null,"KILDE":"Tidligere skogbruksplan (NIBIO) + SR16","PLAN_HOGSTKLASSE":2,"PLAN_REGISTRERT":"2013","SR16_ALDER":29,"SR16_BONITET":20,"SR16_VOLUM_MB_DAA":5.5,"SR16_VOLUM_USIKKERHET_PST":69,"SR16_DEKNING_PST":100},"geometry":{"type":"Polygon","coordinates":[[[11.059825499999999,60.241425519999986],[11.059942210000003,60.241355920000004],[11.059960399999998,60.24134325999997],[11.06008157,60.241309380000004],[11.06026131,60.24129872999998],[11.060333349999999,60.24128631],[11.06048053,60.241233429999994],[11.060539889999998,60.24121329999998],[11.060689580000002,60.24116298],[11.060851910000002,60.24112293000002],[11.060977430000001,60.241131149999994],[11.061032900000002,60.24118304],[11.06108956,60.24116991999999],[11.06117932,60.241191300000004],[11.061198919999999,60.24117132999999],[11.06131215,60.24110091000001],[11.061424670000001,60.24106803999998],[11.061601309999999,60.241047979999976],[11.061626489999998,60.2410481],[11.061808499999998,60.24104058999999],[11.061988020000001,60.24101637],[11.06202451,60.24100958],[11.062157220000001,60.24094481],[11.06216931,60.24089618000001],[11.0621264,60.24082008],[11.062120549999998,60.24080970999999],[11.06209278,60.24079845],[11.061916939999998,60.24077539],[11.06166107,60.24069213999999],[11.061511350000002,60.24076936000001],[11.06134285,60.24080336],[11.06119164,60.24080962],[11.061018749999999,60.24077823],[11.060899229999999,60.240735949999994],[11.060743020000002,60.24071019],[11.060558400000001,60.24070795000001],[11.06047704,60.24072009999999],[11.06031952,60.24076527999999],[11.06031107,60.24076801999999],[11.06013979,60.24080062],[11.06011736,60.240803299999996],[11.05992711,60.240802429999995],[11.05984888,60.2407965],[11.05967302,60.24077483000001],[11.0595588,60.24074787000001],[11.05941151,60.24069432999999],[11.05923899,60.24064346],[11.059093409999996,60.240648349999994],[11.05893034,60.24069072999999],[11.05878105,60.24074429000001],[11.05874727,60.24075526],[11.058609069999997,60.24081443999999],[11.05851399,60.240874899999994],[11.05853775,60.240886579999994],[11.058636339999998,60.24096354999998],[11.05868158,60.24101349],[11.05873895,60.241100460000006],[11.058769009999999,60.24113885],[11.058827259999996,60.241178649999995],[11.05896985,60.24123414],[11.05904106,60.241266339999996],[11.0591966,60.24131552000001],[11.059250099999998,60.24133488999999],[11.05942592,60.24139690999998],[11.059591790000002,60.24144229999999],[11.05962254,60.24144372],[11.05980743,60.241431809999995],[11.059825499999999,60.241425519999986]]]}},{"type":"Feature","properties":{"BESTANDNR":"1-40","TEIG":"1","AREAL_DAA":19.2,"TRESLAG":"G","BONITET":23,"ALDER":58,"VOLUM_DAA":16.8,"TREANTALL":90,"MIDDELHOYDE":14.4,"MILJOFIGUR":null,"MERKNAD":null,"KILDE":"Tidligere skogbruksplan (NIBIO) + SR16","PLAN_HOGSTKLASSE":4,"PLAN_REGISTRERT":"2013","SR16_ALDER":51,"SR16_BONITET":19,"SR16_VOLUM_MB_DAA":19.4,"SR16_VOLUM_USIKKERHET_PST":31,"SR16_DEKNING_PST":99},"geometry":{"type":"Polygon","coordinates":[[[11.05841901,60.24161541999999],[11.058457810000002,60.24159775],[11.05863284,60.24156413],[11.05885143,60.24153325],[11.05894143,60.24152091999999],[11.059121230000002,60.24150644],[11.059131490000002,60.24150649],[11.05931343,60.241514980000005],[11.05959485,60.24155325000001],[11.059676730000001,60.24156383],[11.05982973,60.24161171000001],[11.059928509999999,60.24167846999998],[11.05995654,60.241688799999984],[11.06013587,60.24169983],[11.06036025,60.24163328],[11.06037573,60.24162825000001],[11.06052039,60.241572809999994],[11.06076984,60.24153697000002],[11.06075526,60.24149355000001],[11.06076463,60.24140306],[11.06082794,60.24130898999999],[11.06090135,60.24122261],[11.060922130000002,60.24120867999999],[11.061032900000002,60.24118304],[11.060977430000001,60.241131149999994],[11.060851910000002,60.24112293000002],[11.060689580000002,60.24116298],[11.060539889999998,60.24121329999998],[11.06048053,60.241233429999994],[11.060333349999999,60.24128631],[11.06026131,60.24129872999998],[11.06008157,60.241309380000004],[11.059960399999998,60.24134325999997],[11.059942210000003,60.241355920000004],[11.059825499999999,60.241425519999986],[11.05980743,60.241431809999995],[11.05962254,60.24144372],[11.059591790000002,60.24144229999999],[11.05942592,60.24139690999998],[11.059250099999998,60.24133488999999],[11.0591966,60.24131552000001],[11.05904106,60.241266339999996],[11.05896985,60.24123414],[11.058827259999996,60.241178649999995],[11.058769009999999,60.24113885],[11.05873895,60.241100460000006],[11.05868158,60.24101349],[11.058636339999998,60.24096354999998],[11.05853775,60.240886579999994],[11.05851399,60.240874899999994],[11.058448799999999,60.24084281999999],[11.05843362,60.24083126999998],[11.058378819999998,60.24074431],[11.058387079999997,60.240713740000004],[11.058419520000001,60.24062462999999],[11.058410310000001,60.24056848],[11.05834264,60.24048401],[11.058349070000002,60.24041391],[11.058373819999998,60.24032475999999],[11.058373869999999,60.24032220999999],[11.05839861,60.24023307],[11.058466879999997,60.24014795000001],[11.0585006,60.240127699999995],[11.05864271,60.240070969999984],[11.058704879999999,60.2400381],[11.05881396,60.239964650000005],[11.058819189999998,60.239959569999996],[11.05887466,60.23987312],[11.058888149999998,60.23983748],[11.058948720000002,60.23975231999997],[11.05896173,60.239742179999986],[11.05918339,60.239683269999986],[11.059310559999998,60.23965634999999],[11.0593662,60.23964458],[11.05939197,60.23963832],[11.05952137,60.239575159999994],[11.059536969999996,60.23956375999999],[11.05964093,60.23949027],[11.05965667,60.23947122],[11.05964556,60.239379359999994],[11.059607710000002,60.239346030000014],[11.059488439999999,60.239277900000005],[11.059452820000002,60.239262430000004],[11.05927091,60.23925267],[11.059077849999998,60.23926184],[11.059066135912563,60.23927520308997],[11.05903132255501,60.23931492483341],[11.058939018279606,60.23937698368754],[11.05885574,60.239432980000004],[11.058790688772719,60.23946249109884],[11.058715728981937,60.23949650320931],[11.05865679,60.23952325],[11.058604109400678,60.23954714905407],[11.058557311166144,60.23956838303313],[11.058458150988779,60.239610180325904],[11.05842347,60.2396248],[11.058289619999998,60.23968122],[11.058205945809695,60.239731574058005],[11.05817044231657,60.23975294016738],[11.058081429999998,60.23980650999997],[11.05801133,60.23983805],[11.057963309999998,60.23990772999999],[11.057915290444107,60.239977409355575],[11.057914915470954,60.23997803521968],[11.05787921,60.240037639999976],[11.057843120000001,60.24009787000001],[11.05780704,60.24015809],[11.057752479999998,60.24023873],[11.057744712309953,60.24025020929297],[11.057669933043265,60.24036073252074],[11.05764337,60.24039999999999],[11.057568609999999,60.24045740999999],[11.05749385,60.24051481999999],[11.057460689282127,60.240540280506025],[11.057344333868022,60.24062963184509],[11.057222038092332,60.240713499242354],[11.05716316,60.24075388000001],[11.057121222564358,60.240777248030064],[11.056961116399693,60.24086647559987],[11.056899410000002,60.24090087],[11.05686884,60.24098345],[11.056846839999999,60.24106239999998],[11.056845560000001,60.24113126],[11.05685671,60.241220569999996],[11.056856590000002,60.241226940000004],[11.05686381,60.24134991999999],[11.05700066,60.2413394],[11.057295940000001,60.24132164],[11.05747516,60.24133904],[11.05760039,60.24136257],[11.057732580000001,60.24142566],[11.057874749999998,60.2415041],[11.057978519999999,60.24157853999999],[11.05802667,60.24160937],[11.05815816,60.24171070999999],[11.05824198,60.241754449999995],[11.05833568,60.241682620000006],[11.05841901,60.24161541999999]]]}},{"type":"Feature","properties":{"BESTANDNR":"1-41","TEIG":"1","AREAL_DAA":9.0,"TRESLAG":"G","BONITET":14,"ALDER":23,"VOLUM_DAA":4.7,"TREANTALL":77,"MIDDELHOYDE":10.4,"MILJOFIGUR":null,"MERKNAD":"Treslag: plan F, SR16 G","KILDE":"Tidligere skogbruksplan (NIBIO) + SR16","PLAN_HOGSTKLASSE":2,"PLAN_REGISTRERT":"2013","SR16_ALDER":34,"SR16_BONITET":18,"SR16_VOLUM_MB_DAA":5.5,"SR16_VOLUM_USIKKERHET_PST":48,"SR16_DEKNING_PST":100},"geometry":{"type":"Polygon","coordinates":[[[11.0685946,60.2411996],[11.06874852,60.24114681999999],[11.069064570000002,60.24111498999999],[11.069136350000003,60.24111056],[11.06931124,60.24108759],[11.06947923,60.24104914000001],[11.06960235,60.24098197],[11.069763219999999,60.24094111],[11.069906769999998,60.24093224999999],[11.070086309999999,60.240916430000006],[11.07019664,60.24089435],[11.07034578,60.24084155],[11.07056381,60.24081164999999],[11.07055364,60.240714170000004],[11.070566039999997,60.240689270000004],[11.070518659999998,60.24066647999998],[11.07051393,60.240664079999995],[11.07045334,60.24057945],[11.070421549999999,60.24048781],[11.07015576,60.24051631999999],[11.06997393,60.24052738],[11.06984471,60.24053630000001],[11.0696674,60.24056164],[11.06954522,60.24057772],[11.06936571,60.240592349999986],[11.06930588,60.24059683],[11.06918848,60.24061293999999],[11.069004220000002,60.24062636],[11.068903680000002,60.24063541000001],[11.068733399999998,60.24066791],[11.068699839999999,60.240673699999995],[11.068412379999998,60.240710419999985],[11.06822349,60.2407155],[11.0681208,60.24071146999999],[11.067860579999998,60.240696029999995],[11.067676529999998,60.24069757999999],[11.06762865,60.24070211],[11.067456069999999,60.24072985000001],[11.06742014,60.240734440000004],[11.06729305,60.24075223],[11.067307989999998,60.240800910000004],[11.06733254,60.24088090999999],[11.06736153,60.2409582],[11.06739052,60.24103548],[11.06740537,60.24108196],[11.06742023,60.24112843],[11.06743875,60.24119292999999],[11.06745726,60.24125744000001],[11.0675063,60.241248129999974],[11.06767187,60.24121205],[11.06775575,60.24119935999999],[11.06793732,60.24120256000001],[11.068046989999997,60.24121731000001],[11.06822094,60.241245430000006],[11.068349809999999,60.24125551999999],[11.06852723,60.24122423999999],[11.0685946,60.2411996]]]}},{"type":"Feature","properties":{"BESTANDNR":"1-42","TEIG":"1","AREAL_DAA":9.4,"TRESLAG":"G","BONITET":23,"ALDER":63,"VOLUM_DAA":3.8,"TREANTALL":86,"MIDDELHOYDE":7.9,"MILJOFIGUR":null,"MERKNAD":"Avvik: HK 4 i planen (2013), men SR16 viser 3.8 m³/daa og 7.9 m høyde – trolig hogd eller glissen, kontroller","KILDE":"Tidligere skogbruksplan (NIBIO) + SR16","PLAN_HOGSTKLASSE":4,"PLAN_REGISTRERT":"2013","SR16_ALDER":26,"SR16_BONITET":20,"SR16_VOLUM_MB_DAA":4.3,"SR16_VOLUM_USIKKERHET_PST":37,"SR16_DEKNING_PST":100},"geometry":{"type":"Polygon","coordinates":[[[11.06121126,60.24211917],[11.061338139999998,60.24207364],[11.061431569999998,60.24201425999998],[11.06152819,60.24193402000001],[11.06158487,60.24189533],[11.06171481,60.241829149999994],[11.06180026,60.24174747],[11.06186618,60.24166292000001],[11.06189203,60.24162687],[11.06197192,60.24154377],[11.061988929999998,60.24153133000001],[11.062122000000002,60.24144708],[11.06226854,60.24139071999999],[11.06233872,60.24137851999999],[11.06274003,60.24131359],[11.06296195,60.241265909999996],[11.063094419999999,60.241213659999985],[11.06319929,60.24114040999999],[11.063174919999998,60.24109718],[11.063010570000001,60.24105748],[11.062949,60.24105859000001],[11.06276689,60.241071659999996],[11.062680370000002,60.24106014],[11.062648439999998,60.240970959999984],[11.062654370000002,60.24095290999999],[11.062717540000001,60.240865559999996],[11.06277391,60.240843560000016],[11.062846799999999,60.24083555],[11.06302857,60.24084055000001],[11.063145670000003,60.24086335],[11.06332436,60.24088364],[11.0634984,60.24085243999998],[11.063512440000002,60.24084972000001],[11.06363401,60.240782109999984],[11.06374168,60.240708879999985],[11.063766560000001,60.24068808],[11.06361075,60.24067768],[11.06357179,60.240666370000014],[11.06343296,60.2406087],[11.06341364,60.24059470000001],[11.06328382,60.24050369],[11.063159260000003,60.24043078],[11.063123229999999,60.24041254],[11.06295185,60.24033405],[11.06294897,60.240343319999994],[11.062863549999998,60.24042360999999],[11.062860699999998,60.24042638],[11.06272802,60.24048976000001],[11.06261755,60.240562980000014],[11.06239383,60.24070801999999],[11.06226667,60.240775600000006],[11.0621264,60.24082008],[11.06216931,60.24089618000001],[11.062157220000001,60.24094481],[11.06202451,60.24100958],[11.061988020000001,60.24101637],[11.061808499999998,60.24104058999999],[11.061626489999998,60.2410481],[11.061601309999999,60.241047979999976],[11.061424670000001,60.24106803999998],[11.06131215,60.24110091000001],[11.061198919999999,60.24117132999999],[11.06117932,60.241191300000004],[11.06124788,60.241207630000005],[11.061244470000002,60.24139123000001],[11.06123279,60.24146768999999],[11.061205490000003,60.24155682],[11.061193249999999,60.24166388],[11.06119211,60.24172508],[11.06121097,60.24181443000002],[11.061225889999998,60.24184],[11.06120882,60.24193046000001],[11.06116871,60.242018259999995],[11.061111350000001,60.242068999999994],[11.060997110000002,60.242143710000015],[11.061188849999999,60.24212721],[11.06121126,60.24211917]]]}},{"type":"Feature","properties":{"BESTANDNR":"1-43","TEIG":"1","AREAL_DAA":5.8,"TRESLAG":"G","BONITET":20,"ALDER":43,"VOLUM_DAA":8.7,"TREANTALL":81,"MIDDELHOYDE":9.6,"MILJOFIGUR":null,"MERKNAD":null,"KILDE":"Tidligere skogbruksplan (NIBIO) + SR16","PLAN_HOGSTKLASSE":3,"PLAN_REGISTRERT":"2013","SR16_ALDER":47,"SR16_BONITET":13,"SR16_VOLUM_MB_DAA":10.1,"SR16_VOLUM_USIKKERHET_PST":33,"SR16_DEKNING_PST":99},"geometry":{"type":"Polygon","coordinates":[[[11.05616579,60.24209595],[11.056103249999998,60.24201149999998],[11.056060060000002,60.241989630000006],[11.05590189,60.24194425999998],[11.055735880000002,60.24190652],[11.05565944,60.24187937999999],[11.055503929999999,60.24182893],[11.05536913,60.24176837999999],[11.055334249999998,60.24171338],[11.05536416,60.24162299],[11.055403100000001,60.241597660000004],[11.05555537,60.241547360000006],[11.055798489999999,60.241574850000006],[11.055877,60.24149105],[11.0558874,60.24148345000001],[11.05601174,60.24141770999999],[11.05604012,60.24140892],[11.05622494,60.241400850000005],[11.056366159999998,60.24139257999999],[11.0565307,60.24137166000001],[11.05667189,60.241364659999995],[11.05686381,60.24134991999999],[11.056856590000002,60.241226940000004],[11.05685671,60.241220569999996],[11.056845560000001,60.24113126],[11.056846839999999,60.24106239999998],[11.05686884,60.24098345],[11.056899410000002,60.24090087],[11.056829008188398,60.24091083355522],[11.056532195727147,60.2409528576874],[11.05650725,60.24095639],[11.05637653,60.2409749],[11.05622867,60.24099367],[11.056218875704255,60.24099491325272],[11.056080800302066,60.24101244330561],[11.05604503500427,60.24102742066797],[11.0560412,60.24102903],[11.055978349999998,60.24105534999998],[11.055919658047557,60.24107992434265],[11.05587589359354,60.24109825136459],[11.05583493857254,60.24111603708447],[11.05576158,60.24114790000001],[11.055660562702993,60.24119176371658],[11.055647261190357,60.2411975401731],[11.055489601138335,60.24127336434653],[11.055167695950527,60.24140068343014],[11.055103508553621,60.24143658267985],[11.05510312,60.241436799999995],[11.055103119741064,60.24143680013776],[11.05510311510003,60.241436802733425],[11.0550988107823,60.24143909270116],[11.05500638,60.241488269999984],[11.054909629999997,60.24153974],[11.054902883476734,60.24154332876175],[11.054812893185982,60.241591204534984],[11.054696633987106,60.241653091930935],[11.05471191,60.24166049],[11.05478877,60.24169343],[11.054841626448246,60.2417152999793],[11.054865364260598,60.24172511991356],[11.054884091695383,60.241731950900096],[11.0549445,60.241753980000006],[11.054986678463063,60.24176984186815],[11.055026644350937,60.241784866577525],[11.055106068432906,60.24181839632455],[11.055150441646713,60.24183534041525],[11.05518677,60.24184920999999],[11.055243884205822,60.24187332984107],[11.0552663784011,60.241882828298984],[11.055290087458664,60.24189444037263],[11.055339439999997,60.24191861],[11.05536758224887,60.24193071135739],[11.055419090581756,60.24195285671084],[11.055451137498837,60.24196634429357],[11.05549443,60.24198456],[11.055546131045821,60.242004592729295],[11.055570896931536,60.24201418657793],[11.0556477559259,60.24204712701644],[11.055690527795724,60.242065871403746],[11.05572318,60.242080179999995],[11.055793009999999,60.242110620000005],[11.055815910111729,60.24211949316723],[11.055869485281715,60.24214024694017],[11.055944900962634,60.242173209573664],[11.05602416941859,60.242204226278126],[11.056085441077647,60.24223043910385],[11.05609954,60.242236469999995],[11.056115120000001,60.24224343000001],[11.05618001,60.2421585],[11.05616579,60.24209595]]]}},{"type":"Feature","properties":{"BESTANDNR":"1-44","TEIG":"1","AREAL_DAA":8.2,"TRESLAG":"G","BONITET":20,"ALDER":63,"VOLUM_DAA":16.7,"TREANTALL":82,"MIDDELHOYDE":15.0,"MILJOFIGUR":null,"MERKNAD":null,"KILDE":"Tidligere skogbruksplan (NIBIO) + SR16","PLAN_HOGSTKLASSE":4,"PLAN_REGISTRERT":"2013","SR16_ALDER":49,"SR16_BONITET":17,"SR16_VOLUM_MB_DAA":19.3,"SR16_VOLUM_USIKKERHET_PST":35,"SR16_DEKNING_PST":100},"geometry":{"type":"Polygon","coordinates":[[[11.065723719999998,60.24171113999999],[11.065792400000001,60.24162799],[11.06578686,60.241625179999986],[11.065726869999999,60.24154004999999],[11.06573262,60.24153173],[11.065862550000002,60.24146555],[11.06594681,60.24144785000001],[11.066120889999999,60.24141525999998],[11.06625538,60.241404739999986],[11.0664348,60.24138608],[11.06658674,60.24133948000001],[11.066738820000001,60.24128592],[11.06694962,60.24123400999999],[11.066799129999998,60.24120134000001],[11.06660108,60.24116844],[11.06652015,60.24115694000001],[11.06635806,60.241146470000004],[11.06617329,60.24115259],[11.066142489999999,60.241153839999996],[11.06595786,60.24115161000001],[11.0658295,60.24113294],[11.0656879,60.241073869999994],[11.065621649999999,60.24102488],[11.06549418,60.240957529999996],[11.065469230000001,60.24094488999999],[11.06529093,60.24090374],[11.065182579999998,60.24086150999999],[11.065015700000002,60.24080789],[11.064845859999998,60.240762600000004],[11.0646643,60.24074647],[11.06447439,60.24072752],[11.064026260000002,60.24069674],[11.06398898,60.24080182],[11.06398497,60.240867179999995],[11.06400848,60.24095771],[11.064088609999999,60.241012319999996],[11.06425868,60.2410451],[11.06442639,60.24105421],[11.064559449999999,60.24112158999999],[11.064597249999998,60.24119547999999],[11.06464317,60.24128472000001],[11.06466417,60.24135993],[11.06467089,60.24145039],[11.06473419,60.24150771],[11.06489566,60.24155157],[11.06494027,60.24156011999999],[11.065128930000002,60.24164721999999],[11.065173229999997,60.24167246],[11.06531207,60.24173012999999],[11.065476879999999,60.24174478999997],[11.06565904,60.24172892999999],[11.065723719999998,60.24171113999999]]]}},{"type":"Feature","properties":{"BESTANDNR":"1-45","TEIG":"1","AREAL_DAA":14.7,"TRESLAG":"G","BONITET":17,"ALDER":28,"VOLUM_DAA":9.3,"TREANTALL":108,"MIDDELHOYDE":13.7,"MILJOFIGUR":null,"MERKNAD":null,"KILDE":"Tidligere skogbruksplan (NIBIO) + SR16","PLAN_HOGSTKLASSE":2,"PLAN_REGISTRERT":"2013","SR16_ALDER":46,"SR16_BONITET":15,"SR16_VOLUM_MB_DAA":10.9,"SR16_VOLUM_USIKKERHET_PST":37,"SR16_DEKNING_PST":100},"geometry":{"type":"Polygon","coordinates":[[[11.06788102,60.24205662000001],[11.06803249,60.242007399999984],[11.06804694,60.24200153],[11.068181879999997,60.241941540000006],[11.068261589999999,60.24189556],[11.068372930000002,60.24181883],[11.06848656,60.24174805999999],[11.06865599,60.24176189000001],[11.068713150000002,60.24177285],[11.06882549,60.24178622],[11.06888962,60.241793850000015],[11.068942219999998,60.241792899999986],[11.069114829999998,60.24176397],[11.06929677,60.241746969999994],[11.06930633,60.24174702],[11.06948995,60.24176924],[11.06961361,60.24180306],[11.06977053,60.24184774],[11.069780090000002,60.24184778],[11.0699765,60.24182372],[11.07009877,60.24180287999999],[11.07028055,60.24179539],[11.070392629999999,60.24180896000001],[11.070551919999996,60.24185482999999],[11.07074122,60.24181423000001],[11.0707263,60.24172847999999],[11.07068628,60.24156433000001],[11.070648479999997,60.24140968999998],[11.07062477,60.24126818999999],[11.07059064,60.24104347],[11.070574649999998,60.24087228999999],[11.07056381,60.24081164999999],[11.07034578,60.24084155],[11.07019664,60.24089435],[11.070086309999999,60.240916430000006],[11.069906769999998,60.24093224999999],[11.069763219999999,60.24094111],[11.06960235,60.24098197],[11.06947923,60.24104914000001],[11.06931124,60.24108759],[11.069136350000003,60.24111056],[11.069064570000002,60.24111498999999],[11.06874852,60.24114681999999],[11.0685946,60.2411996],[11.06852723,60.24122423999999],[11.068349809999999,60.24125551999999],[11.06822094,60.241245430000006],[11.068046989999997,60.24121731000001],[11.06793732,60.24120256000001],[11.06775575,60.24119935999999],[11.06767187,60.24121205],[11.0675063,60.241248129999974],[11.06745726,60.24125744000001],[11.06747578,60.24132194],[11.06749295,60.24137646],[11.06751082,60.24144597],[11.067528689999998,60.24151547999999],[11.06754656,60.24158499000001],[11.06757009,60.24166739],[11.06759363,60.241749789999986],[11.06761439,60.24183838999999],[11.067635149999997,60.241926989999996],[11.06765542,60.241999250000006],[11.06767569,60.2420715],[11.067678830000002,60.24208833000001],[11.06786661,60.24206012],[11.06788102,60.24205662000001]]]}},{"type":"Feature","properties":{"BESTANDNR":"1-46","TEIG":"1","AREAL_DAA":9.5,"TRESLAG":"G","BONITET":20,"ALDER":43,"VOLUM_DAA":17.6,"TREANTALL":134,"MIDDELHOYDE":15.9,"MILJOFIGUR":null,"MERKNAD":null,"KILDE":"Tidligere skogbruksplan (NIBIO) + SR16","PLAN_HOGSTKLASSE":3,"PLAN_REGISTRERT":"2013","SR16_ALDER":53,"SR16_BONITET":17,"SR16_VOLUM_MB_DAA":20.5,"SR16_VOLUM_USIKKERHET_PST":37,"SR16_DEKNING_PST":100},"geometry":{"type":"Polygon","coordinates":[[[11.072113830000001,60.24230983],[11.07211786,60.24221954000001],[11.072113169999998,60.24221476999998],[11.07205018,60.242130120000006],[11.07191748,60.24206774000001],[11.071896229999998,60.24205339],[11.071624380000001,60.24188938000001],[11.071503349999999,60.24184249],[11.071469170000002,60.24175085],[11.071474159999998,60.24173899],[11.07149404,60.24169749000001],[11.071527340000001,60.24157525],[11.071520339999998,60.24156571999998],[11.071439460000002,60.24141445],[11.07143713,60.24141088],[11.07154349,60.24134482],[11.07167825,60.241294329999995],[11.07171246,60.2412529],[11.07171179,60.24115902999999],[11.071679959999999,60.24106977000001],[11.071673,60.241057860000005],[11.07165553,60.240967470000015],[11.071653270000002,60.24096033],[11.07158757,60.240893500000006],[11.0714934,60.24081584000001],[11.07146378,60.2407361],[11.071142349999999,60.240670479999984],[11.070921129999999,60.24061364000001],[11.07085723,60.24057889],[11.07069628,60.24062451],[11.070566039999997,60.240689270000004],[11.07055364,60.240714170000004],[11.07056381,60.24081164999999],[11.070574649999998,60.24087228999999],[11.07059064,60.24104347],[11.07062477,60.24126818999999],[11.070648479999997,60.24140968999998],[11.07068628,60.24156433000001],[11.0707263,60.24172847999999],[11.07074122,60.24181423000001],[11.070750089999999,60.24186523000001],[11.070789109999998,60.24195334],[11.07083791,60.2420296],[11.070941690000002,60.24210493000001],[11.070967719999999,60.24211929999999],[11.071050749999998,60.24215988999999],[11.07110511,60.24218646],[11.071276810000002,60.24220744],[11.07143367,60.242255670000006],[11.07148798,60.242291560000005],[11.07160402,60.242310569999994],[11.071659549999998,60.24231965999999],[11.071666720000001,60.2423197],[11.07180733,60.24234172],[11.07197155,60.24237929000001],[11.071990689999998,60.24237819],[11.072113830000001,60.24230983]]]}},{"type":"Feature","properties":{"BESTANDNR":"1-47","TEIG":"1","AREAL_DAA":5.6,"TRESLAG":"L","BONITET":20,"ALDER":73,"VOLUM_DAA":16.5,"TREANTALL":135,"MIDDELHOYDE":15.8,"MILJOFIGUR":null,"MERKNAD":null,"KILDE":"Tidligere skogbruksplan (NIBIO) + SR16","PLAN_HOGSTKLASSE":5,"PLAN_REGISTRERT":"2013","SR16_ALDER":51,"SR16_BONITET":18,"SR16_VOLUM_MB_DAA":19.2,"SR16_VOLUM_USIKKERHET_PST":24,"SR16_DEKNING_PST":100},"geometry":{"type":"Polygon","coordinates":[[[11.072948766344167,60.24194908262342],[11.072963568875442,60.241923695291696],[11.07299728,60.24186587],[11.0730458,60.241782659999984],[11.073067220201358,60.241745925202665],[11.073094319314484,60.24169944778936],[11.073141954982548,60.241617658529684],[11.07318167,60.241549459999995],[11.07322535,60.24147447],[11.073225834879382,60.24146636435104],[11.07323463986351,60.241319027638426],[11.073235299999999,60.24130796999999],[11.07323598266065,60.241296558073145],[11.073240275822869,60.24122471868938],[11.073239562381566,60.24121782573872],[11.07323888,60.24121127000001],[11.073225009999998,60.24118040999999],[11.073220229742452,60.24117086309017],[11.073210950025269,60.24115233355713],[11.073204346553155,60.24113932313594],[11.073188023723478,60.24111110417441],[11.073181020000002,60.241099],[11.073159049999997,60.24105730999999],[11.073143977353777,60.2410282540613],[11.073137045114734,60.24101489730509],[11.073113645958713,60.24097053295102],[11.073100002656801,60.24093733212607],[11.07309571,60.240926890000004],[11.073081464031851,60.24089706402897],[11.073075099855739,60.24088374114511],[11.07307324077185,60.240877931916785],[11.073061139999998,60.24084012999999],[11.07305002,60.24079565999999],[11.0730497,60.24075057999998],[11.073050940954928,60.24073443407402],[11.073053367791191,60.240702825630414],[11.073062648285115,60.2406637898428],[11.07306507,60.2406536],[11.073079570000003,60.24060577],[11.07308390675141,60.240595768391714],[11.073100855995708,60.24055666649543],[11.073116529068868,60.240507380366175],[11.07313519647782,60.24045687980192],[11.073145665380833,60.24042677436343],[11.07315369,60.240403690000015],[11.07315982414969,60.240386247911104],[11.073170996571331,60.24035446553515],[11.073179431852685,60.24032906031644],[11.073187990000001,60.24030327000002],[11.07320251191409,60.2402607240889],[11.073205217537094,60.240252794481414],[11.07321080566188,60.2402364347739],[11.07322107,60.24020638],[11.073238319999998,60.240159219999995],[11.07325189042971,60.24012791309401],[11.073258188807824,60.240113375852985],[11.073277005294795,60.24007095665682],[11.073298329318403,60.240022480392206],[11.073316760018221,60.239973959513634],[11.073340689963214,60.239926699997625],[11.07321138,60.23991830000001],[11.07315371,60.23991643999999],[11.072970979999997,60.23991561999999],[11.07294447,60.240004889999994],[11.072878349999998,60.240092519999976],[11.07283163,60.24016479000001],[11.07275448,60.24033317],[11.072644509999998,60.240597640000004],[11.07257604,60.24068289],[11.07255574,60.24074815000001],[11.07255403,60.24084200999999],[11.072576280000002,60.24093241],[11.07261722,60.24104666],[11.07265974,60.241204879999984],[11.072739480000001,60.241288420000004],[11.07278393,60.24134089999999],[11.07282533,60.24143020000001],[11.072829799999997,60.24144685],[11.07283772,60.24153719],[11.072831139999998,60.24163577999999],[11.072753179999998,60.24171742000001],[11.07271219,60.24173743000001],[11.07264011,60.24174243000001],[11.07265265,60.24185717000001],[11.07265715,60.24200334],[11.07265931,60.24201641999999],[11.07274684,60.242093979999986],[11.072760639572797,60.24208408016933],[11.07288578919931,60.24199427481549],[11.072948766344167,60.24194908262342]]]}},{"type":"Feature","properties":{"BESTANDNR":"1-48","TEIG":"1","AREAL_DAA":6.3,"TRESLAG":"G","BONITET":23,"ALDER":48,"VOLUM_DAA":23.4,"TREANTALL":123,"MIDDELHOYDE":17.5,"MILJOFIGUR":null,"MERKNAD":null,"KILDE":"Tidligere skogbruksplan (NIBIO) + SR16","PLAN_HOGSTKLASSE":3,"PLAN_REGISTRERT":"2013","SR16_ALDER":57,"SR16_BONITET":20,"SR16_VOLUM_MB_DAA":26.9,"SR16_VOLUM_USIKKERHET_PST":14,"SR16_DEKNING_PST":100},"geometry":{"type":"Polygon","coordinates":[[[11.062618360000002,60.24214211000001],[11.062586899999998,60.2420279],[11.0625763,60.24199585],[11.06261715,60.24190561999998],[11.062752620000001,60.241842250000005],[11.06290743,60.24179288],[11.063003269999998,60.24175437],[11.06311927,60.24168535],[11.063150709999999,60.24164931999999],[11.0631723,60.24154092],[11.06317336,60.241483890000005],[11.063295409999998,60.24138984999998],[11.063391660000002,60.24132909000001],[11.06341574,60.24123739000001],[11.06319929,60.24114040999999],[11.063094419999999,60.241213659999985],[11.06296195,60.241265909999996],[11.06274003,60.24131359],[11.06233872,60.24137851999999],[11.06226854,60.24139071999999],[11.062122000000002,60.24144708],[11.061988929999998,60.24153133000001],[11.06197192,60.24154377],[11.06189203,60.24162687],[11.06186618,60.24166292000001],[11.06180026,60.24174747],[11.06171481,60.241829149999994],[11.06158487,60.24189533],[11.06152819,60.24193402000001],[11.061431569999998,60.24201425999998],[11.06157071,60.24205523999999],[11.06174358,60.24208802],[11.06189119,60.242124870000005],[11.062012979999999,60.242196369999995],[11.06218013,60.24223608],[11.06226951,60.24224484000001],[11.062456829999999,60.242252650000005],[11.062614069999999,60.24222277],[11.062618360000002,60.24214211000001]]]}},{"type":"Feature","properties":{"BESTANDNR":"1-49","TEIG":"1","AREAL_DAA":9.7,"TRESLAG":"G","BONITET":20,"ALDER":13,"VOLUM_DAA":7.3,"TREANTALL":94,"MIDDELHOYDE":10.8,"MILJOFIGUR":null,"MERKNAD":null,"KILDE":"Tidligere skogbruksplan (NIBIO) + SR16","PLAN_HOGSTKLASSE":1,"PLAN_REGISTRERT":"2013","SR16_ALDER":44,"SR16_BONITET":19,"SR16_VOLUM_MB_DAA":8.5,"SR16_VOLUM_USIKKERHET_PST":32,"SR16_DEKNING_PST":100},"geometry":{"type":"Polygon","coordinates":[[[11.059793699999997,60.24244548999997],[11.05987879,60.242421660000005],[11.05995993,60.24233403999999],[11.05999355,60.242318899999994],[11.0601641,60.24225082000001],[11.06027796,60.24219652000001],[11.060389620000002,60.242123070000005],[11.060423499999999,60.24209390000001],[11.06049944,60.242010089999994],[11.060645359999999,60.24188706999999],[11.06070261,60.2418427],[11.060781089999999,60.241760170000006],[11.060786289999998,60.24175637],[11.06080592,60.24166593],[11.06076984,60.24153697000002],[11.06052039,60.241572809999994],[11.06037573,60.24162825000001],[11.06036025,60.24163328],[11.06013587,60.24169983],[11.05995654,60.241688799999984],[11.059928509999999,60.24167846999998],[11.05982973,60.24161171000001],[11.059676730000001,60.24156383],[11.05959485,60.24155325000001],[11.05931343,60.241514980000005],[11.059131490000002,60.24150649],[11.059121230000002,60.24150644],[11.05894143,60.24152091999999],[11.05885143,60.24153325],[11.05863284,60.24156413],[11.058457810000002,60.24159775],[11.05841901,60.24161541999999],[11.05833568,60.241682620000006],[11.05824198,60.241754449999995],[11.058422169999998,60.24185728999999],[11.05853107,60.241931750000006],[11.05861734,60.24198187999999],[11.058728730000002,60.24206018],[11.058801540000001,60.24214467],[11.05881165,60.24215237],[11.0588671,60.242204909999984],[11.058922809999999,60.24224342],[11.059051829999998,60.24233964999999],[11.05921656,60.24244623999999],[11.05935396,60.24250552999999],[11.059558919999999,60.24251964999999],[11.059716310000002,60.24246936],[11.059793699999997,60.24244548999997]]]}},{"type":"Feature","properties":{"BESTANDNR":"1-50","TEIG":"1","AREAL_DAA":6.9,"TRESLAG":"G","BONITET":14,"ALDER":18,"VOLUM_DAA":5.9,"TREANTALL":77,"MIDDELHOYDE":11.7,"MILJOFIGUR":null,"MERKNAD":null,"KILDE":"Tidligere skogbruksplan (NIBIO) + SR16","PLAN_HOGSTKLASSE":2,"PLAN_REGISTRERT":"2013","SR16_ALDER":36,"SR16_BONITET":17,"SR16_VOLUM_MB_DAA":6.9,"SR16_VOLUM_USIKKERHET_PST":36,"SR16_DEKNING_PST":100},"geometry":{"type":"Polygon","coordinates":[[[11.06651846,60.24200966000001],[11.066524079999999,60.2420083],[11.0666981,60.24197848],[11.066879909999999,60.24198208999999],[11.06705014,60.24200651000001],[11.067229449999997,60.24199341999999],[11.0672351,60.241990660000006],[11.06732054,60.24190898],[11.0673474,60.241817289999986],[11.06735138,60.24175332],[11.067330889999997,60.24165028000001],[11.067298850000002,60.241566670000005],[11.06727535,60.24147475999999],[11.067449539999998,60.24140148],[11.06743009,60.24132645999999],[11.06741064,60.24125145000001],[11.06740051,60.2412176],[11.067128289999998,60.24125568999998],[11.06694962,60.24123400999999],[11.066738820000001,60.24128592],[11.06658674,60.24133948000001],[11.0664348,60.24138608],[11.06625538,60.241404739999986],[11.066120889999999,60.24141525999998],[11.06594681,60.24144785000001],[11.065862550000002,60.24146555],[11.06573262,60.24153173],[11.065726869999999,60.24154004999999],[11.06578686,60.241625179999986],[11.065792400000001,60.24162799],[11.065723719999998,60.24171113999999],[11.06565904,60.24172892999999],[11.065476879999999,60.24174478999997],[11.06553114,60.24183685],[11.065678369999999,60.24189454999999],[11.06575088,60.24190740000001],[11.065903889999998,60.241955399999995],[11.06594804,60.24198898000001],[11.065954770000001,60.24207943],[11.06603306,60.242082569999994],[11.066206009999998,60.24211118],[11.066298279999998,60.24211437999998],[11.0664586,60.2420692],[11.06651846,60.24200966000001]]]}},{"type":"Feature","properties":{"BESTANDNR":"1-51","TEIG":"1","AREAL_DAA":14.3,"TRESLAG":"G","BONITET":23,"ALDER":13,"VOLUM_DAA":8.4,"TREANTALL":99,"MIDDELHOYDE":11.6,"MILJOFIGUR":null,"MERKNAD":null,"KILDE":"Tidligere skogbruksplan (NIBIO) + SR16","PLAN_HOGSTKLASSE":1,"PLAN_REGISTRERT":"2013","SR16_ALDER":39,"SR16_BONITET":19,"SR16_VOLUM_MB_DAA":9.8,"SR16_VOLUM_USIKKERHET_PST":28,"SR16_DEKNING_PST":100},"geometry":{"type":"Polygon","coordinates":[[[11.06105584,60.24281100999998],[11.06123252,60.242789559999984],[11.06137218,60.24280272000001],[11.061538,60.24276314000001],[11.061799949999997,60.24266974999998],[11.061996979999998,60.24260666],[11.062154619999998,60.242555909999986],[11.06224767,60.24251739],[11.06239696,60.24246382],[11.06267693,60.24230373999999],[11.06269957,60.24228993],[11.062835049999999,60.24222656],[11.06314474,60.24212365],[11.063364350000002,60.24204953],[11.06352201,60.24199739],[11.06383557,60.241836070000005],[11.06392872,60.24179198],[11.06406142,60.24172721000001],[11.06429227,60.24165036],[11.064450020000002,60.241592659999995],[11.06473419,60.24150771],[11.06467089,60.24145039],[11.06466417,60.24135993],[11.06464317,60.24128472000001],[11.064597249999998,60.24119547999999],[11.064559449999999,60.24112158999999],[11.06442639,60.24105421],[11.06425868,60.2410451],[11.064088609999999,60.241012319999996],[11.06400848,60.24095771],[11.06398497,60.240867179999995],[11.06398898,60.24080182],[11.064026260000002,60.24069674],[11.06401891,60.240696230000005],[11.06383431,60.24069261],[11.063766560000001,60.24068808],[11.06374168,60.240708879999985],[11.06363401,60.240782109999984],[11.063512440000002,60.24084972000001],[11.0634984,60.24085243999998],[11.06332436,60.24088364],[11.063145670000003,60.24086335],[11.06302857,60.24084055000001],[11.062846799999999,60.24083555],[11.06277391,60.240843560000016],[11.062717540000001,60.240865559999996],[11.062654370000002,60.24095290999999],[11.062648439999998,60.240970959999984],[11.062680370000002,60.24106014],[11.06276689,60.241071659999996],[11.062949,60.24105859000001],[11.063010570000001,60.24105748],[11.063174919999998,60.24109718],[11.06319929,60.24114040999999],[11.06341574,60.24123739000001],[11.063391660000002,60.24132909000001],[11.063295409999998,60.24138984999998],[11.06317336,60.241483890000005],[11.0631723,60.24154092],[11.063150709999999,60.24164931999999],[11.06311927,60.24168535],[11.063003269999998,60.24175437],[11.06290743,60.24179288],[11.062752620000001,60.241842250000005],[11.06261715,60.24190561999998],[11.0625763,60.24199585],[11.062586899999998,60.2420279],[11.062618360000002,60.24214211000001],[11.062614069999999,60.24222277],[11.062456829999999,60.242252650000005],[11.06226951,60.24224484000001],[11.06218013,60.24223608],[11.062012979999999,60.242196369999995],[11.06189119,60.242124870000005],[11.06174358,60.24208802],[11.06157071,60.24205523999999],[11.061431569999998,60.24201425999998],[11.061338139999998,60.24207364],[11.06121126,60.24211917],[11.061255320000003,60.242163680000004],[11.0613769,60.24224630999999],[11.06149035,60.242314999999984],[11.06145551,60.242383000000004],[11.061361710000002,60.24246186000002],[11.061350469999999,60.24246458999998],[11.06120672,60.24252097],[11.06107681,60.24258575000001],[11.06101171,60.242625790000005],[11.06088169,60.24269614000001],[11.06084203,60.242722390000004],[11.06073714,60.242795629999996],[11.06081981,60.24286418],[11.0608394,60.242864270000005],[11.06100794,60.242828870000004],[11.06105584,60.24281100999998]]]}},{"type":"Feature","properties":{"BESTANDNR":"1-52","TEIG":"1","AREAL_DAA":6.2,"TRESLAG":"G","BONITET":14,"ALDER":18,"VOLUM_DAA":5.5,"TREANTALL":85,"MIDDELHOYDE":12.1,"MILJOFIGUR":null,"MERKNAD":null,"KILDE":"Tidligere skogbruksplan (NIBIO) + SR16","PLAN_HOGSTKLASSE":2,"PLAN_REGISTRERT":"2013","SR16_ALDER":41,"SR16_BONITET":15,"SR16_VOLUM_MB_DAA":6.4,"SR16_VOLUM_USIKKERHET_PST":30,"SR16_DEKNING_PST":100},"geometry":{"type":"Polygon","coordinates":[[[11.07075536,60.24236193000001],[11.07076977,60.24235843],[11.07094481,60.24232713000001],[11.07105843,60.242256359999985],[11.071050749999998,60.24215988999999],[11.070967719999999,60.24211929999999],[11.070941690000002,60.24210493000001],[11.07083791,60.2420296],[11.070789109999998,60.24195334],[11.070750089999999,60.24186523000001],[11.07074122,60.24181423000001],[11.070551919999996,60.24185482999999],[11.070392629999999,60.24180896000001],[11.07028055,60.24179539],[11.07009877,60.24180287999999],[11.0699765,60.24182372],[11.069780090000002,60.24184778],[11.06977053,60.24184774],[11.06961361,60.24180306],[11.06948995,60.24176924],[11.06930633,60.24174702],[11.06929677,60.241746969999994],[11.069114829999998,60.24176397],[11.068942219999998,60.241792899999986],[11.06888962,60.241793850000015],[11.06882549,60.24178622],[11.068833329999999,60.24186606999999],[11.068835549999998,60.241875589999985],[11.06894413,60.241949749999996],[11.068984489999998,60.24196418999998],[11.06906906,60.24204418],[11.069036469999999,60.242127209999985],[11.06899185,60.24221493000001],[11.06901894,60.24230179],[11.06939468,60.24227379],[11.069413820000001,60.24227269],[11.06959333,60.242258050000004],[11.06977233,60.24227193000001],[11.07001713,60.24234671],[11.07003377,60.24235154000002],[11.070246159999998,60.24236912999999],[11.070317809999999,60.24237182999998],[11.070499200000002,60.242385719999994],[11.070575709999998,60.24238368999999],[11.07075536,60.24236193000001]]]}},{"type":"Feature","properties":{"BESTANDNR":"1-53","TEIG":"1","AREAL_DAA":8.2,"TRESLAG":"L","BONITET":14,"ALDER":63,"VOLUM_DAA":8.2,"TREANTALL":146,"MIDDELHOYDE":12.5,"MILJOFIGUR":null,"MERKNAD":null,"KILDE":"Tidligere skogbruksplan (NIBIO) + SR16","PLAN_HOGSTKLASSE":4,"PLAN_REGISTRERT":"2013","SR16_ALDER":84,"SR16_BONITET":4,"SR16_VOLUM_MB_DAA":9.7,"SR16_VOLUM_USIKKERHET_PST":20,"SR16_DEKNING_PST":100},"geometry":{"type":"Polygon","coordinates":[[[11.058073460000001,60.24291749000001],[11.057988419999997,60.242835809999995],[11.05786642,60.24277595],[11.057734929999999,60.24270935],[11.057667340000002,60.24262010000001],[11.05780633,60.242593959999994],[11.05796121,60.24264440999999],[11.058121879999998,60.24269392],[11.05828521,60.24280657],[11.05832133,60.24282969],[11.05841802,60.24290569000001],[11.058464409999997,60.24297959],[11.05859971,60.24292796],[11.058662869999997,60.24284154],[11.05866335,60.24281603999999],[11.05864718,60.242720330000004],[11.058624599999998,60.24269344999998],[11.05851114,60.24258836],[11.05849078,60.242579339999985],[11.058332630000002,60.24253271],[11.058227810000002,60.24251437],[11.0578622,60.24245147999999],[11.0577145,60.24239469],[11.057653350000002,60.24237273],[11.05752116,60.24230964],[11.057416619999998,60.24227599999998],[11.057276689999998,60.24221543],[11.05720538,60.242188320000004],[11.05709384,60.242117670000006],[11.05695415,60.24204433999999],[11.05694396,60.24204047],[11.05669405,60.24196281],[11.056673609999999,60.24195889],[11.05651026,60.24191605],[11.05638027,60.2418721],[11.05613823,60.24178554000001],[11.05602931,60.24171236000001],[11.055940389999998,60.24166730999998],[11.05580851,60.24158764],[11.055798489999999,60.241574850000006],[11.05555537,60.241547360000006],[11.055403100000001,60.241597660000004],[11.05536416,60.24162299],[11.055334249999998,60.24171338],[11.05536913,60.24176837999999],[11.055503929999999,60.24182893],[11.05565944,60.24187937999999],[11.055735880000002,60.24190652],[11.05590189,60.24194425999998],[11.056060060000002,60.241989630000006],[11.056103249999998,60.24201149999998],[11.05616579,60.24209595],[11.05618001,60.2421585],[11.056115120000001,60.24224343000001],[11.056115522479681,60.242243610640486],[11.056172215444537,60.24226893703252],[11.056185451277706,60.24227472976751],[11.056249119999999,60.24230259],[11.056326030000001,60.24233625],[11.056376357912262,60.24235656351935],[11.056402762729874,60.242367218756286],[11.056475212863734,60.24239896959461],[11.056506230451904,60.24241228322447],[11.05655802,60.24243451000001],[11.05660665945267,60.242454621396305],[11.056635917029707,60.242466717148034],[11.056714002192718,60.24249900925423],[11.056787078797473,60.24253209749786],[11.056816203906493,60.24254490196503],[11.05686957,60.24256835999998],[11.056946480000002,60.24260202000001],[11.05702185,60.24263426],[11.057076428448763,60.24265523687755],[11.057103859913735,60.242665777226065],[11.057136675536867,60.24267888150154],[11.057186139999999,60.242698629999985],[11.05722163498828,60.242713034501826],[11.057264183560854,60.242730296469944],[11.057333719690265,60.24275876874131],[11.057387457943738,60.242775048972845],[11.05742341,60.24278593999998],[11.057509530000003,60.24281667000001],[11.05758212,60.2428477],[11.057658083737616,60.242877364811676],[11.05766286484143,60.24287923177558],[11.057670719085648,60.242882734861574],[11.05774558,60.24291612],[11.05781908,60.24295593999998],[11.057888259999999,60.24299313],[11.05796263,60.24302952],[11.05802801,60.243069549999994],[11.05809506,60.24299697],[11.058073460000001,60.24291749000001]]]}},{"type":"Feature","properties":{"BESTANDNR":"1-54","TEIG":"1","AREAL_DAA":16.8,"TRESLAG":"G","BONITET":20,"ALDER":23,"VOLUM_DAA":6.7,"TREANTALL":105,"MIDDELHOYDE":11.2,"MILJOFIGUR":null,"MERKNAD":null,"KILDE":"Tidligere skogbruksplan (NIBIO) + SR16","PLAN_HOGSTKLASSE":2,"PLAN_REGISTRERT":"2013","SR16_ALDER":35,"SR16_BONITET":17,"SR16_VOLUM_MB_DAA":7.9,"SR16_VOLUM_USIKKERHET_PST":51,"SR16_DEKNING_PST":100},"geometry":{"type":"Polygon","coordinates":[[[11.06590341,60.24334924],[11.06590233,60.24325604],[11.06589442,60.24322956999999],[11.06575278,60.24317189],[11.065630130000002,60.24314629],[11.065465879999998,60.243101029999984],[11.06533561,60.24303366999999],[11.0652864,60.24297083999999],[11.06526286,60.242881710000006],[11.065260169999998,60.242876129999985],[11.06498266,60.242751059999996],[11.06488818,60.24271585999999],[11.064771979999998,60.242644379999994],[11.06469228,60.24256612],[11.064449989999998,60.242503809999995],[11.06433292,60.242479620000005],[11.064089920000002,60.24245626000001],[11.063938969999999,60.24244861],[11.06379451,60.24239231],[11.0638343,60.24220747999999],[11.06384965,60.24213382],[11.06392119,60.2420479],[11.064031639999998,60.241976069999986],[11.06410772,60.24194721],[11.06426527,60.24190063000001],[11.064380049999999,60.24189698],[11.064569809999998,60.24192428],[11.06465067,60.24193995000001],[11.06481217,60.24198242],[11.064862169999998,60.242002119999995],[11.06493617,60.24208592],[11.064787659999999,60.242249390000005],[11.06477908,60.24225909],[11.064766200000001,60.24235084],[11.06482685,60.24239979999999],[11.06497984,60.24244919000001],[11.06515333,60.242448589999995],[11.06533542,60.2424369],[11.065509419999998,60.24240848],[11.06557415,60.24238790999999],[11.06568737,60.24231748],[11.065806669999999,60.24222065000001],[11.06590049,60.24214038999999],[11.065954770000001,60.24207943],[11.06594804,60.24198898000001],[11.065903889999998,60.241955399999995],[11.06575088,60.24190740000001],[11.065678369999999,60.24189454999999],[11.06553114,60.24183685],[11.065476879999999,60.24174478999997],[11.06531207,60.24173012999999],[11.065173229999997,60.24167246],[11.065128930000002,60.24164721999999],[11.06494027,60.24156011999999],[11.06489566,60.24155157],[11.06473419,60.24150771],[11.064450020000002,60.241592659999995],[11.06429227,60.24165036],[11.06406142,60.24172721000001],[11.06392872,60.24179198],[11.06383557,60.241836070000005],[11.06352201,60.24199739],[11.063364350000002,60.24204953],[11.06314474,60.24212365],[11.062835049999999,60.24222656],[11.06269957,60.24228993],[11.06267693,60.24230373999999],[11.06239696,60.24246382],[11.06254157,60.24251178000001],[11.06264932,60.242586],[11.062661760000001,60.24266952000001],[11.06266404,60.24284715999998],[11.06271976,60.24288566999999],[11.06276192,60.24296364],[11.062823029999999,60.24300684999998],[11.062978989999998,60.2429158],[11.06306162,60.2428355],[11.06309404,60.24274662],[11.063113959999999,60.24272862000001],[11.063295739999997,60.24273363],[11.0633096,60.24274065],[11.06345124,60.24279833000001],[11.063501159999998,60.24282219999999],[11.0636485,60.24287434000001],[11.06367363,60.24287724],[11.06385297,60.24286276],[11.06390069,60.24285463000002],[11.0640825,60.24285824],[11.06421338,60.24289223000001],[11.06429593,60.24296772000001],[11.064454560000001,60.24301435000001],[11.06445736,60.243014360000004],[11.064593759999998,60.24305254000001],[11.064627110000002,60.24306522],[11.064710529999997,60.24309342],[11.06488338,60.243127589999986],[11.064966850000001,60.24315301],[11.06500438,60.243242210000005],[11.065014599999998,60.243295119999985],[11.06510696,60.24329415000001],[11.065347159999998,60.24331749999998],[11.065645769999998,60.24336058999999],[11.065830659999998,60.24334891],[11.06590341,60.24334924]]]}},{"type":"Feature","properties":{"BESTANDNR":"1-55","TEIG":"1","AREAL_DAA":14.0,"TRESLAG":"G","BONITET":20,"ALDER":28,"VOLUM_DAA":7.6,"TREANTALL":106,"MIDDELHOYDE":12.3,"MILJOFIGUR":null,"MERKNAD":null,"KILDE":"Tidligere skogbruksplan (NIBIO) + SR16","PLAN_HOGSTKLASSE":2,"PLAN_REGISTRERT":"2013","SR16_ALDER":39,"SR16_BONITET":17,"SR16_VOLUM_MB_DAA":8.9,"SR16_VOLUM_USIKKERHET_PST":48,"SR16_DEKNING_PST":100},"geometry":{"type":"Polygon","coordinates":[[[11.06621898,60.24318224999999],[11.06634888,60.24311746],[11.06637491,60.24307167],[11.06641849,60.242984230000005],[11.06642547,60.24290915],[11.066359849999998,60.24282537999999],[11.066296299999998,60.24278197],[11.06618851,60.24270915],[11.066158219999998,60.24268257999997],[11.06613753,60.24259066999999],[11.06616666,60.24252820999999],[11.0662799,60.242456389999994],[11.06631651,60.24244404],[11.066641719999998,60.24240935000001],[11.06689663,60.24239381],[11.06698069,60.242387240000006],[11.067151919999999,60.24235740999999],[11.0671687,60.24235749000001],[11.067351660000002,60.242347300000006],[11.067644270000002,60.242415550000004],[11.06764963,60.242354389999996],[11.067654979999999,60.242293229999994],[11.06764745,60.24221385999999],[11.06764131,60.24216523],[11.06763518,60.24211659999999],[11.06761648,60.24204351],[11.06759778,60.241970409999986],[11.067576589999998,60.24188505999999],[11.067555400000002,60.24179970000001],[11.06753802,60.24173314999999],[11.067520629999999,60.24166659000001],[11.067503369999999,60.24160336],[11.067486100000002,60.24154013],[11.067467819999997,60.24147079999997],[11.067449539999998,60.24140148],[11.06727535,60.24147475999999],[11.067298850000002,60.241566670000005],[11.067330889999997,60.24165028000001],[11.06735138,60.24175332],[11.0673474,60.241817289999986],[11.06732054,60.24190898],[11.0672351,60.241990660000006],[11.067229449999997,60.24199341999999],[11.06705014,60.24200651000001],[11.066879909999999,60.24198208999999],[11.0666981,60.24197848],[11.066524079999999,60.2420083],[11.06651846,60.24200966000001],[11.0664586,60.2420692],[11.066298279999998,60.24211437999998],[11.066206009999998,60.24211118],[11.06603306,60.242082569999994],[11.065954770000001,60.24207943],[11.06590049,60.24214038999999],[11.065806669999999,60.24222065000001],[11.06568737,60.24231748],[11.06557415,60.24238790999999],[11.065509419999998,60.24240848],[11.06533542,60.2424369],[11.06515333,60.242448589999995],[11.06497984,60.24244919000001],[11.06482685,60.24239979999999],[11.064766200000001,60.24235084],[11.06477908,60.24225909],[11.064787659999999,60.242249390000005],[11.06493617,60.24208592],[11.064862169999998,60.242002119999995],[11.06481217,60.24198242],[11.06465067,60.24193995000001],[11.064569809999998,60.24192428],[11.064380049999999,60.24189698],[11.06426527,60.24190063000001],[11.06410772,60.24194721],[11.064031639999998,60.241976069999986],[11.06392119,60.2420479],[11.06384965,60.24213382],[11.0638343,60.24220747999999],[11.06379451,60.24239231],[11.063938969999999,60.24244861],[11.064089920000002,60.24245626000001],[11.06433292,60.242479620000005],[11.064449989999998,60.242503809999995],[11.06469228,60.24256612],[11.064771979999998,60.242644379999994],[11.06488818,60.24271585999999],[11.06498266,60.242751059999996],[11.065260169999998,60.242876129999985],[11.06526286,60.242881710000006],[11.0652864,60.24297083999999],[11.06533561,60.24303366999999],[11.065465879999998,60.243101029999984],[11.065630130000002,60.24314629],[11.06575278,60.24317189],[11.06589442,60.24322956999999],[11.065966249999999,60.24323117999999],[11.06613748,60.243201349999985],[11.06621898,60.24318224999999]]]}},{"type":"Feature","properties":{"BESTANDNR":"1-56","TEIG":"1","AREAL_DAA":30.9,"TRESLAG":"L","BONITET":11,"ALDER":48,"VOLUM_DAA":8.8,"TREANTALL":150,"MIDDELHOYDE":12.1,"MILJOFIGUR":null,"MERKNAD":null,"KILDE":"Tidligere skogbruksplan (NIBIO) + SR16","PLAN_HOGSTKLASSE":3,"PLAN_REGISTRERT":"2013","SR16_ALDER":74,"SR16_BONITET":6,"SR16_VOLUM_MB_DAA":10.4,"SR16_VOLUM_USIKKERHET_PST":23,"SR16_DEKNING_PST":100},"geometry":{"type":"Polygon","coordinates":[[[11.06086913,60.244846719999984],[11.060748210000002,60.24474655000001],[11.0606728,60.24466332000001],[11.06059725,60.24458774],[11.06053213,60.24450328],[11.060492019999998,60.24445337],[11.060376329999999,60.244329149999984],[11.0602726,60.24425216],[11.06019655,60.24420336],[11.06030563,60.24413117999998],[11.060346810000002,60.24412372],[11.06052865,60.244138580000005],[11.06061034,60.24415935],[11.06075295,60.244214840000005],[11.06078575,60.24422801],[11.06079806,60.24415966000001],[11.060798560000002,60.24413288],[11.06086937,60.24404904999999],[11.06087977,60.24404143999999],[11.06097652,60.24397193],[11.06089649,60.24397011],[11.060668410000002,60.24395886],[11.06048375,60.243958019999994],[11.060458099999998,60.2439579],[11.06025814,60.24395188000001],[11.06007628,60.24393829],[11.05995079,60.24392752000001],[11.059816,60.24386569],[11.05980593,60.243855440000004],[11.05977168,60.24376602],[11.059712049999998,60.24366246],[11.059699389999999,60.24365348],[11.05962655,60.243570260000006],[11.05961439,60.24353450000001],[11.059596099999998,60.24341454999998],[11.059606479999998,60.24340821999999],[11.05974519,60.243397379999976],[11.05980888,60.24343802],[11.05991278,60.243350970000016],[11.059952600000003,60.24327846999999],[11.05997107,60.24325051],[11.060029089999999,60.24316534],[11.06004818,60.243104219999985],[11.06006268,60.24301375000001],[11.06007382,60.24298504999999],[11.060070909999999,60.24284843999999],[11.06005723,60.24275656],[11.060066300000003,60.24268265],[11.06023207,60.24259542000002],[11.060358789999999,60.242539900000004],[11.06038201,60.242532360000006],[11.060519120000002,60.242469230000005],[11.06058927,60.242421099999994],[11.06068815,60.24234504],[11.06069076,60.24234249999999],[11.060635929999998,60.24225681],[11.06048651,60.24229183],[11.060352009999999,60.242352419999996],[11.0602974,60.24239298],[11.06012252,60.24241768],[11.06006361,60.24241357999999],[11.05987879,60.242421660000005],[11.059793699999997,60.24244548999997],[11.059716310000002,60.24246936],[11.059558919999999,60.24251964999999],[11.05935396,60.24250552999999],[11.05921656,60.24244623999999],[11.059051829999998,60.24233964999999],[11.058922809999999,60.24224342],[11.0588671,60.242204909999984],[11.05881165,60.24215237],[11.058801540000001,60.24214467],[11.058728730000002,60.24206018],[11.05861734,60.24198187999999],[11.05853107,60.241931750000006],[11.058422169999998,60.24185728999999],[11.05824198,60.241754449999995],[11.05815816,60.24171070999999],[11.05802667,60.24160937],[11.057978519999999,60.24157853999999],[11.057874749999998,60.2415041],[11.057732580000001,60.24142566],[11.05760039,60.24136257],[11.05747516,60.24133904],[11.057295940000001,60.24132164],[11.05700066,60.2413394],[11.05686381,60.24134991999999],[11.05667189,60.241364659999995],[11.0565307,60.24137166000001],[11.056366159999998,60.24139257999999],[11.05622494,60.241400850000005],[11.05604012,60.24140892],[11.05601174,60.24141770999999],[11.0558874,60.24148345000001],[11.055877,60.24149105],[11.055798489999999,60.241574850000006],[11.05580851,60.24158764],[11.055940389999998,60.24166730999998],[11.05602931,60.24171236000001],[11.05613823,60.24178554000001],[11.05638027,60.2418721],[11.05651026,60.24191605],[11.056673609999999,60.24195889],[11.05669405,60.24196281],[11.05694396,60.24204047],[11.05695415,60.24204433999999],[11.05709384,60.242117670000006],[11.05720538,60.242188320000004],[11.057276689999998,60.24221543],[11.057416619999998,60.24227599999998],[11.05752116,60.24230964],[11.057653350000002,60.24237273],[11.0577145,60.24239469],[11.0578622,60.24245147999999],[11.058227810000002,60.24251437],[11.058332630000002,60.24253271],[11.05849078,60.242579339999985],[11.05851114,60.24258836],[11.058624599999998,60.24269344999998],[11.05864718,60.242720330000004],[11.05866335,60.24281603999999],[11.058662869999997,60.24284154],[11.05859971,60.24292796],[11.058464409999997,60.24297959],[11.05841802,60.24290569000001],[11.05832133,60.24282969],[11.05828521,60.24280657],[11.058121879999998,60.24269392],[11.05796121,60.24264440999999],[11.05780633,60.242593959999994],[11.057667340000002,60.24262010000001],[11.057734929999999,60.24270935],[11.05786642,60.24277595],[11.057988419999997,60.242835809999995],[11.058073460000001,60.24291749000001],[11.05809506,60.24299697],[11.05802801,60.243069549999994],[11.05805528503655,60.24308590107588],[11.058090527380697,60.243107026336915],[11.058124714990107,60.24312853754458],[11.058150150000001,60.24314454],[11.058159392071923,60.243152285272295],[11.058203930624895,60.24318960720058],[11.058257701888577,60.243234580707465],[11.058316504897913,60.24327624267208],[11.058325689598146,60.24328395773969],[11.058371629999998,60.24332254000001],[11.05840657852276,60.243355233793814],[11.058419992532112,60.243367779396756],[11.058438504178472,60.24338367147074],[11.05847251,60.24341286],[11.058518051622613,60.24344964108079],[11.058527508229893,60.24345727754773],[11.058556876756374,60.24347937963881],[11.058583640000002,60.24349952],[11.058600311918456,60.24351255714808],[11.058637027378479,60.24354126559509],[11.058650011128634,60.24355217161856],[11.058692149999999,60.24358755999999],[11.058720941522928,60.2436147931604],[11.058740742312152,60.24363351710782],[11.058769575347286,60.24365868351079],[11.05879312,60.243679230000005],[11.05885117,60.243726200000005],[11.058871151188745,60.24374338157567],[11.058900633888118,60.24376872847465],[11.058935298683258,60.2438066634943],[11.058942149999998,60.24381415999999],[11.05898934,60.243860670000004],[11.05902366013501,60.24389210219495],[11.059034383020753,60.24390192019643],[11.059077874506958,60.24393852011881],[11.059119533153071,60.243971825175876],[11.059131743988015,60.243985018686395],[11.059149177967333,60.2439973485816],[11.059180339999997,60.24401937999998],[11.05923651,60.244062340000006],[11.059271902265674,60.244094832709024],[11.059289236671868,60.24411074605363],[11.059337652326814,60.24415670044577],[11.05939278039865,60.24420308956322],[11.059448213094477,60.24425144994324],[11.059497633469089,60.24429325702689],[11.059497636824617,60.244293260026865],[11.0595408,60.24429343],[11.05975562,60.24432757000001],[11.05989823,60.244383060000004],[11.06003298,60.244447440000016],[11.06009359,60.24449872],[11.06043767,60.24475533],[11.06050792,60.24483981000001],[11.06054802,60.24487203],[11.060738010000001,60.244862700000006],[11.06086913,60.244846719999984]]]}},{"type":"Feature","properties":{"BESTANDNR":"1-57","TEIG":"1","AREAL_DAA":16.1,"TRESLAG":"G","BONITET":20,"ALDER":43,"VOLUM_DAA":11.7,"TREANTALL":135,"MIDDELHOYDE":13.6,"MILJOFIGUR":null,"MERKNAD":null,"KILDE":"Tidligere skogbruksplan (NIBIO) + SR16","PLAN_HOGSTKLASSE":3,"PLAN_REGISTRERT":"2013","SR16_ALDER":41,"SR16_BONITET":19,"SR16_VOLUM_MB_DAA":13.8,"SR16_VOLUM_USIKKERHET_PST":35,"SR16_DEKNING_PST":100},"geometry":{"type":"Polygon","coordinates":[[[11.071139269999998,60.24388471999998],[11.07117845,60.24379899000001],[11.07119303338897,60.243767083771246],[11.071249525064596,60.24364347057175],[11.0712568,60.24362755],[11.071256801870247,60.24362754764042],[11.071256802170867,60.243627546982594],[11.071346977316937,60.24351376987464],[11.07136373,60.24349262999999],[11.071386730938006,60.243463611085794],[11.07147065856087,60.24335771559432],[11.071552656799176,60.24329113389875],[11.07156106,60.24328431],[11.07165145,60.24321091],[11.07168392,60.243125770000006],[11.07170799834744,60.24306265333943],[11.071781340003419,60.2428703572302],[11.071817922254231,60.24285103980027],[11.07187412,60.24282136],[11.071966899999998,60.24277237],[11.071995889327251,60.24275706298286],[11.072059678361633,60.24272337852753],[11.072108324354058,60.242669416194346],[11.07212927,60.242646179999994],[11.072143807415308,60.24263005519849],[11.07229714198155,60.24245996155426],[11.072338050000003,60.24241458000001],[11.07240764,60.24233737999999],[11.072451652227345,60.24230580191276],[11.072679008245057,60.242142657167435],[11.07274684,60.242093979999986],[11.07265931,60.24201641999999],[11.07265715,60.24200334],[11.07265265,60.24185717000001],[11.07264011,60.24174243000001],[11.072535110000002,60.24174971000001],[11.0725184,60.24174844],[11.07238574,60.24168368],[11.072374029999999,60.24167056],[11.072229249999998,60.24161524999999],[11.07220785,60.24160921],[11.07204365,60.24157045],[11.07188506,60.24161727],[11.07187779,60.24162317000001],[11.07182602,60.24170968000001],[11.071853680000002,60.24176565],[11.07191903,60.24185149],[11.0719885,60.24197419],[11.07198608,60.24197537],[11.071896229999998,60.24205339],[11.07191748,60.24206774000001],[11.07205018,60.242130120000006],[11.072113169999998,60.24221476999998],[11.07211786,60.24221954000001],[11.072113830000001,60.24230983],[11.071990689999998,60.24237819],[11.07197155,60.24237929000001],[11.07180733,60.24234172],[11.071666720000001,60.2423197],[11.071659549999998,60.24231965999999],[11.07160402,60.242310569999994],[11.07147428,60.24238775],[11.07129228,60.24240712000001],[11.07117934,60.24244106999999],[11.071052310000002,60.242460699999995],[11.07087064,60.24246225],[11.070783819999999,60.242504639999986],[11.070727269999999,60.242591119999986],[11.070722229999998,60.24260536],[11.07063522,60.24278913999999],[11.07052156,60.24286229],[11.07038421,60.24292346],[11.07035049,60.24293756],[11.07024634,60.24301314],[11.070241009999998,60.243042819999985],[11.07029681,60.24312862],[11.07038614,60.24320982],[11.07031295,60.24329148],[11.07018512,60.243355059999985],[11.07017486,60.243393040000015],[11.070228220000002,60.243481209999985],[11.070240020000002,60.24348958000002],[11.07030298,60.24357540999999],[11.0702514,60.24365122],[11.070116459999998,60.24371121],[11.07011963,60.243799150000015],[11.07005593,60.24388442],[11.069994790000003,60.24396018000002],[11.06986952,60.24414498000001],[11.069910929999999,60.24423309],[11.06991332,60.24423310000001],[11.07009065,60.24420776],[11.07010999,60.24419597],[11.07019516,60.24411318000001],[11.070246360000002,60.24405757000001],[11.070357689999998,60.24398202000002],[11.07044477,60.24392537999999],[11.07059162,60.243867829999985],[11.070677889999999,60.243855139999994],[11.07082509,60.24390928],[11.070809079999998,60.24400069999998],[11.070779689999998,60.24403977999999],[11.070722849999997,60.24414169999999],[11.07073198,60.24416551000002],[11.07084061,60.24423729],[11.07085721,60.24424449999999],[11.070965850000002,60.244316280000014],[11.071056160000001,60.24435351],[11.071056755497274,60.24431651911255],[11.071060919645861,60.24405616700196],[11.071116692993336,60.243934127790716],[11.071139269999998,60.24388471999998]]]}},{"type":"Feature","properties":{"BESTANDNR":"1-58","TEIG":"1","AREAL_DAA":17.1,"TRESLAG":"G","BONITET":23,"ALDER":38,"VOLUM_DAA":13.7,"TREANTALL":166,"MIDDELHOYDE":14.5,"MILJOFIGUR":null,"MERKNAD":null,"KILDE":"Tidligere skogbruksplan (NIBIO) + SR16","PLAN_HOGSTKLASSE":3,"PLAN_REGISTRERT":"2013","SR16_ALDER":51,"SR16_BONITET":17,"SR16_VOLUM_MB_DAA":16.1,"SR16_VOLUM_USIKKERHET_PST":21,"SR16_DEKNING_PST":100},"geometry":{"type":"Polygon","coordinates":[[[11.06084513,60.24383471000001],[11.060911820000001,60.24383501999999],[11.061006670000001,60.24383799999999],[11.061189069999998,60.243822259999995],[11.061227640000002,60.24381734000001],[11.06132843,60.243777],[11.061344589999997,60.24373498999999],[11.061323169999998,60.24364562999999],[11.06131898,60.24359461],[11.061397019999998,60.243536309999996],[11.06150827,60.24348454],[11.061624979999998,60.24341494],[11.061625009999998,60.243413659999995],[11.06173097,60.24337079],[11.06177473,60.243362069999996],[11.06193711,60.243319459999995],[11.06200683,60.24329427],[11.06214839,60.24326813999999],[11.062187099999997,60.24325556999998],[11.062311429999998,60.243189829999984],[11.062324609999997,60.24317076],[11.06244104,60.243116470000004],[11.06251586,60.24309257999999],[11.062619849999999,60.243017819999984],[11.06261239,60.24300504],[11.06258839,60.242915669999995],[11.062594110000001,60.24288382],[11.06266404,60.24284715999998],[11.062661760000001,60.24266952000001],[11.06264932,60.242586],[11.06254157,60.24251178000001],[11.06239696,60.24246382],[11.06224767,60.24251739],[11.062154619999998,60.242555909999986],[11.061996979999998,60.24260666],[11.061799949999997,60.24266974999998],[11.061538,60.24276314000001],[11.06137218,60.24280272000001],[11.06123252,60.242789559999984],[11.06105584,60.24281100999998],[11.06100794,60.242828870000004],[11.0608394,60.242864270000005],[11.06081981,60.24286418],[11.06073714,60.242795629999996],[11.06084203,60.242722390000004],[11.06088169,60.24269614000001],[11.06101171,60.242625790000005],[11.06107681,60.24258575000001],[11.06120672,60.24252097],[11.061350469999999,60.24246458999998],[11.061361710000002,60.24246186000002],[11.06145551,60.242383000000004],[11.06149035,60.242314999999984],[11.0613769,60.24224630999999],[11.061255320000003,60.242163680000004],[11.06121126,60.24211917],[11.061188849999999,60.24212721],[11.060997110000002,60.242143710000015],[11.06093247,60.242171470000024],[11.060813219999998,60.24223978],[11.06069076,60.24234249999999],[11.06068815,60.24234504],[11.06058927,60.242421099999994],[11.060519120000002,60.242469230000005],[11.06038201,60.242532360000006],[11.060358789999999,60.242539900000004],[11.06023207,60.24259542000002],[11.060066300000003,60.24268265],[11.06005723,60.24275656],[11.060070909999999,60.24284843999999],[11.06007382,60.24298504999999],[11.06006268,60.24301375000001],[11.06004818,60.243104219999985],[11.060029089999999,60.24316534],[11.05997107,60.24325051],[11.059952600000003,60.24327846999999],[11.05991278,60.243350970000016],[11.05980888,60.24343802],[11.05981363,60.24344105],[11.059842749999998,60.243530449999994],[11.05986267,60.24356242],[11.05997014,60.24371465000001],[11.06005839,60.24379667],[11.06009646,60.24381851999999],[11.060264950000002,60.24386137],[11.060346759999998,60.24387578],[11.06052891,60.24387406],[11.06063953,60.24385672],[11.06084513,60.24383471000001]]]}},{"type":"Feature","properties":{"BESTANDNR":"1-59","TEIG":"1","AREAL_DAA":15.5,"TRESLAG":"G","BONITET":14,"ALDER":41,"VOLUM_DAA":12.3,"TREANTALL":123,"MIDDELHOYDE":15.3,"MILJOFIGUR":null,"MERKNAD":null,"KILDE":"Tidligere skogbruksplan (NIBIO) + SR16","PLAN_HOGSTKLASSE":2,"PLAN_REGISTRERT":"2013","SR16_ALDER":51,"SR16_BONITET":16,"SR16_VOLUM_MB_DAA":14.4,"SR16_VOLUM_USIKKERHET_PST":22,"SR16_DEKNING_PST":100},"geometry":{"type":"Polygon","coordinates":[[[11.068786909999998,60.24452981],[11.06879719,60.244490649999996],[11.06885138,60.24440296000001],[11.06886847,60.24438284000001],[11.068932769999998,60.24426549999999],[11.068940329999998,60.24424414999999],[11.06904328,60.24410441],[11.069150520000003,60.243990820000015],[11.069216589999998,60.243906759999994],[11.06922963,60.24384740999999],[11.06920656,60.24379193],[11.069193000000002,60.24375932],[11.06909441,60.24366144],[11.06908972,60.24365665999999],[11.068945980000002,60.24354432],[11.06888219,60.243503629999985],[11.068730159999998,60.243453039999984],[11.06854438,60.24341774],[11.068401329999999,60.24339807999999],[11.06826866,60.24333450999998],[11.068223899999998,60.24329866],[11.068149369999999,60.24319257],[11.068142460000002,60.24317828000001],[11.06814172,60.24308796999999],[11.0683113,60.24296397999999],[11.068352409999997,60.242938030000005],[11.06841853,60.24285159],[11.06841672,60.242819499999996],[11.06844228,60.242729309999994],[11.06850153,60.24262620999998],[11.06858035,60.242498240000025],[11.06859276,60.24247334],[11.06869453,60.242397759999996],[11.068822229999999,60.24234129999999],[11.06901894,60.24230179],[11.06899185,60.24221493000001],[11.069036469999999,60.242127209999985],[11.06906906,60.24204418],[11.068984489999998,60.24196418999998],[11.06894413,60.241949749999996],[11.068835549999998,60.241875589999985],[11.068833329999999,60.24186606999999],[11.06882549,60.24178622],[11.068713150000002,60.24177285],[11.06865599,60.24176189000001],[11.06848656,60.24174805999999],[11.068372930000002,60.24181883],[11.068261589999999,60.24189556],[11.068181879999997,60.241941540000006],[11.06804694,60.24200153],[11.06803249,60.242007399999984],[11.06788102,60.24205662000001],[11.06786661,60.24206012],[11.067678830000002,60.24208833000001],[11.06767931,60.24209090999999],[11.06768498,60.24212133999998],[11.067694259999998,60.242171179999985],[11.06770067,60.24224994],[11.06770126,60.24232233000001],[11.06769542,60.2423672],[11.067689580000001,60.24241205999999],[11.06767473,60.24246888],[11.067649989999998,60.242523420000005],[11.067628899999999,60.24256723],[11.06760781,60.242611029999985],[11.067578510000002,60.2426678],[11.067549210000001,60.242724570000014],[11.067523519999998,60.2427728],[11.067497839999998,60.24282103],[11.06747543,60.242874060000005],[11.06745303,60.24292709],[11.06742816,60.24299680999999],[11.067403839999999,60.24307533],[11.06737612,60.24315722999997],[11.06736235,60.243203839999985],[11.067348569999998,60.243250440000004],[11.06736932,60.24328197],[11.06738719,60.24330912],[11.06741671,60.24339361999998],[11.06751049,60.24349266],[11.06753873,60.24351656000001],[11.0676642,60.24358247999999],[11.067789180000002,60.24367453],[11.0678033,60.24368648],[11.06793342,60.24375955],[11.068155280000001,60.24391264999999],[11.0682402,60.24397363],[11.06836806,60.24403955999999],[11.06841075,60.24405757999999],[11.068512150000002,60.24413289000001],[11.06851664,60.24414836],[11.06852216,60.24423868999999],[11.06853567,60.2442839],[11.068500579999998,60.244372860000006],[11.0684662,60.24442261000001],[11.06845451,60.24444363],[11.06845386,60.24444481000001],[11.06841677,60.24451150000001],[11.06843013,60.24456503],[11.06847132,60.24458626999999],[11.06855562,60.24462976000001],[11.06872335,60.24460675000001],[11.068786909999998,60.24452981]]]}},{"type":"Feature","properties":{"BESTANDNR":"1-60","TEIG":"1","AREAL_DAA":17.9,"TRESLAG":"G","BONITET":11,"ALDER":23,"VOLUM_DAA":7.3,"TREANTALL":90,"MIDDELHOYDE":15.2,"MILJOFIGUR":null,"MERKNAD":"Treslag: plan F, SR16 G","KILDE":"Tidligere skogbruksplan (NIBIO) + SR16","PLAN_HOGSTKLASSE":2,"PLAN_REGISTRERT":"2013","SR16_ALDER":52,"SR16_BONITET":16,"SR16_VOLUM_MB_DAA":8.4,"SR16_VOLUM_USIKKERHET_PST":31,"SR16_DEKNING_PST":100},"geometry":{"type":"Polygon","coordinates":[[[11.07006117,60.243728790000006],[11.070116459999998,60.24371121],[11.0702514,60.24365122],[11.07030298,60.24357540999999],[11.070240020000002,60.24348958000002],[11.070228220000002,60.243481209999985],[11.07017486,60.243393040000015],[11.07018512,60.243355059999985],[11.07031295,60.24329148],[11.07038614,60.24320982],[11.07029681,60.24312862],[11.070241009999998,60.243042819999985],[11.07024634,60.24301314],[11.07035049,60.24293756],[11.07038421,60.24292346],[11.07052156,60.24286229],[11.07063522,60.24278913999999],[11.070722229999998,60.24260536],[11.070727269999999,60.242591119999986],[11.070783819999999,60.242504639999986],[11.07087064,60.24246225],[11.071052310000002,60.242460699999995],[11.07117934,60.24244106999999],[11.07129228,60.24240712000001],[11.07147428,60.24238775],[11.07160402,60.242310569999994],[11.07148798,60.242291560000005],[11.07143367,60.242255670000006],[11.071276810000002,60.24220744],[11.07110511,60.24218646],[11.071050749999998,60.24215988999999],[11.07105843,60.242256359999985],[11.07094481,60.24232713000001],[11.07076977,60.24235843],[11.07075536,60.24236193000001],[11.070575709999998,60.24238368999999],[11.070499200000002,60.242385719999994],[11.070317809999999,60.24237182999998],[11.070246159999998,60.24236912999999],[11.07003377,60.24235154000002],[11.07001713,60.24234671],[11.06977233,60.24227193000001],[11.06959333,60.242258050000004],[11.069413820000001,60.24227269],[11.06939468,60.24227379],[11.06901894,60.24230179],[11.068822229999999,60.24234129999999],[11.06869453,60.242397759999996],[11.06859276,60.24247334],[11.06858035,60.242498240000025],[11.06850153,60.24262620999998],[11.06844228,60.242729309999994],[11.06841672,60.242819499999996],[11.06841853,60.24285159],[11.068352409999997,60.242938030000005],[11.0683113,60.24296397999999],[11.06814172,60.24308796999999],[11.068142460000002,60.24317828000001],[11.068149369999999,60.24319257],[11.068223899999998,60.24329866],[11.06826866,60.24333450999998],[11.068401329999999,60.24339807999999],[11.06854438,60.24341774],[11.068730159999998,60.243453039999984],[11.06888219,60.243503629999985],[11.068945980000002,60.24354432],[11.06908972,60.24365665999999],[11.06909441,60.24366144],[11.069193000000002,60.24375932],[11.06920656,60.24379193],[11.06931435,60.243789570000004],[11.06953617,60.24381433999999],[11.0696196,60.24382659999999],[11.06980119,60.2438298],[11.06994784,60.24378293],[11.07006117,60.243728790000006]]]}},{"type":"Feature","properties":{"BESTANDNR":"1-61","TEIG":"1","AREAL_DAA":7.0,"TRESLAG":"G","BONITET":20,"ALDER":18,"VOLUM_DAA":6.7,"TREANTALL":91,"MIDDELHOYDE":12.4,"MILJOFIGUR":null,"MERKNAD":null,"KILDE":"Tidligere skogbruksplan (NIBIO) + SR16","PLAN_HOGSTKLASSE":2,"PLAN_REGISTRERT":"2013","SR16_ALDER":41,"SR16_BONITET":17,"SR16_VOLUM_MB_DAA":7.9,"SR16_VOLUM_USIKKERHET_PST":39,"SR16_DEKNING_PST":100},"geometry":{"type":"Polygon","coordinates":[[[11.066981150000002,60.24355442000001],[11.067102129999999,60.24347417],[11.06714326,60.24344702999999],[11.06720066,60.243391229999986],[11.0671265,60.24333255000001],[11.06704967,60.24325011999999],[11.06704247,60.243184710000016],[11.06709483,60.24307645],[11.067146600000001,60.243000169999995],[11.067201369999998,60.24291278],[11.067213120000002,60.242882230000006],[11.06723994,60.242793329999984],[11.067294679999998,60.24270732999999],[11.06754061,60.24265410999998],[11.0675653,60.242604369999995],[11.067589980000001,60.24255463],[11.06762784,60.242473020000006],[11.067644270000002,60.242415550000004],[11.067351660000002,60.242347300000006],[11.0671687,60.24235749000001],[11.067151919999999,60.24235740999999],[11.06698069,60.242387240000006],[11.06689663,60.24239381],[11.066641719999998,60.24240935000001],[11.06631651,60.24244404],[11.0662799,60.242456389999994],[11.06616666,60.24252820999999],[11.06613753,60.24259066999999],[11.066158219999998,60.24268257999997],[11.06618851,60.24270915],[11.066296299999998,60.24278197],[11.066359849999998,60.24282537999999],[11.06642547,60.24290915],[11.06641849,60.242984230000005],[11.06637491,60.24307167],[11.06634888,60.24311746],[11.06621898,60.24318224999999],[11.06613748,60.243201349999985],[11.065966249999999,60.24323117999999],[11.06589442,60.24322956999999],[11.06590233,60.24325604],[11.06590341,60.24334924],[11.06593419,60.243349379999984],[11.066244440000002,60.243367490000004],[11.066384079999999,60.24338202999998],[11.066559840000002,60.24341065],[11.06669296,60.24347524999999],[11.066738169999999,60.24364005999999],[11.066896799999999,60.243592060000005],[11.066981150000002,60.24355442000001]]]}},{"type":"Feature","properties":{"BESTANDNR":"1-62","TEIG":"1","AREAL_DAA":7.7,"TRESLAG":"G","BONITET":20,"ALDER":43,"VOLUM_DAA":11.3,"TREANTALL":132,"MIDDELHOYDE":13.5,"MILJOFIGUR":null,"MERKNAD":null,"KILDE":"Tidligere skogbruksplan (NIBIO) + SR16","PLAN_HOGSTKLASSE":3,"PLAN_REGISTRERT":"2013","SR16_ALDER":43,"SR16_BONITET":17,"SR16_VOLUM_MB_DAA":13.3,"SR16_VOLUM_USIKKERHET_PST":26,"SR16_DEKNING_PST":100},"geometry":{"type":"Polygon","coordinates":[[[11.06378373,60.24358163],[11.06392976,60.24355307999999],[11.064106639999999,60.24352050000001],[11.06426933,60.24349898999999],[11.064366999999999,60.24351334],[11.06453993,60.243543339999995],[11.06456512,60.24354345999997],[11.06474452,60.24352618999999],[11.064826989999998,60.24345423000002],[11.06475848,60.243376019999985],[11.06484883,60.24333192],[11.065014599999998,60.243295119999985],[11.06500438,60.243242210000005],[11.064966850000001,60.24315301],[11.06488338,60.243127589999986],[11.064710529999997,60.24309342],[11.064627110000002,60.24306522],[11.064593759999998,60.24305254000001],[11.06445736,60.243014360000004],[11.064454560000001,60.24301435000001],[11.06429593,60.24296772000001],[11.06421338,60.24289223000001],[11.0640825,60.24285824],[11.06390069,60.24285463000002],[11.06385297,60.24286276],[11.06367363,60.24287724],[11.0636485,60.24287434000001],[11.063501159999998,60.24282219999999],[11.06345124,60.24279833000001],[11.0633096,60.24274065],[11.063295739999997,60.24273363],[11.063113959999999,60.24272862000001],[11.06309404,60.24274662],[11.06306162,60.2428355],[11.062978989999998,60.2429158],[11.062823029999999,60.24300684999998],[11.06285813,60.24303166],[11.062947699999999,60.243042280000004],[11.06303189,60.24306688999999],[11.063010639999998,60.243106319999995],[11.062868539999998,60.243161779999994],[11.062865959999998,60.24316304],[11.062777579999999,60.24322639],[11.06279915,60.24330810000001],[11.062934179999997,60.243357169999996],[11.06309536,60.24337958999999],[11.063151079999999,60.243418099999985],[11.063127260000002,60.24345752],[11.063124829999998,60.24350211],[11.06319149,60.243528839999996],[11.063338779999999,60.24358377],[11.06350894,60.24361236],[11.06360417,60.24360723000001],[11.06378373,60.24358163]]]}},{"type":"Feature","properties":{"BESTANDNR":"1-63","TEIG":"1","AREAL_DAA":10.4,"TRESLAG":"G","BONITET":17,"ALDER":13,"VOLUM_DAA":7.7,"TREANTALL":82,"MIDDELHOYDE":12.0,"MILJOFIGUR":null,"MERKNAD":null,"KILDE":"Tidligere skogbruksplan (NIBIO) + SR16","PLAN_HOGSTKLASSE":1,"PLAN_REGISTRERT":"2013","SR16_ALDER":50,"SR16_BONITET":12,"SR16_VOLUM_MB_DAA":8.9,"SR16_VOLUM_USIKKERHET_PST":32,"SR16_DEKNING_PST":100},"geometry":{"type":"Polygon","coordinates":[[[11.064066179999998,60.24404475],[11.064232289999998,60.243989860000006],[11.06437324,60.24393347],[11.064558239999998,60.243916229999996],[11.06460303,60.243915050000005],[11.064784719999999,60.24392560999998],[11.06497174,60.24395011000001],[11.06514509,60.24395786000001],[11.06532729,60.24394059999999],[11.065442799999998,60.24389801000001],[11.06552545,60.24381630999999],[11.065520160000002,60.2437996],[11.065538669999999,60.24370647999999],[11.06553946,60.24366336],[11.065499109999998,60.24357554],[11.06545277,60.243508559999995],[11.06548521,60.24341828],[11.06549651,60.24341277],[11.065645769999998,60.24336058999999],[11.065347159999998,60.24331749999998],[11.06510696,60.24329415000001],[11.065014599999998,60.243295119999985],[11.06484883,60.24333192],[11.06475848,60.243376019999985],[11.064826989999998,60.24345423000002],[11.06474452,60.24352618999999],[11.06456512,60.24354345999997],[11.06453993,60.243543339999995],[11.064366999999999,60.24351334],[11.06426933,60.24349898999999],[11.064106639999999,60.24352050000001],[11.06392976,60.24355307999999],[11.06378373,60.24358163],[11.06360417,60.24360723000001],[11.06350894,60.24361236],[11.063338779999999,60.24358377],[11.06319149,60.243528839999996],[11.063124829999998,60.24350211],[11.063127260000002,60.24345752],[11.06302201,60.24346214],[11.06289164,60.24343858999998],[11.062728249999997,60.243397039999984],[11.062720549999998,60.24339699999999],[11.062553749999998,60.243401340000005],[11.06237885,60.24342731999999],[11.062335179999998,60.24343094],[11.062188279999999,60.24346851999999],[11.062066719999999,60.24352279999999],[11.061917,60.24357439000001],[11.06186533,60.24359456],[11.061656019999997,60.243677760000004],[11.06166488,60.24375302999999],[11.06175902,60.243794269999995],[11.061923000000002,60.243803949999986],[11.06210033,60.243785629999984],[11.062228919999999,60.24376708999999],[11.062408240000002,60.24377938999999],[11.06244653,60.243789769999985],[11.06254043,60.24384375000002],[11.06262657,60.24390152999999],[11.062766549999997,60.24396082999999],[11.06281245,60.243975060000004],[11.06289606,60.24400454999997],[11.062968179999999,60.24395349000001],[11.063004939999999,60.24393279000001],[11.063165219999998,60.243890399999984],[11.06331613,60.24390082999999],[11.06347191,60.243950229999996],[11.06359402,60.24400503],[11.06374983,60.24405303999999],[11.0637582,60.244054469999995],[11.06402976,60.24404736],[11.064066179999998,60.24404475]]]}},{"type":"Feature","properties":{"BESTANDNR":"1-64","TEIG":"1","AREAL_DAA":18.3,"TRESLAG":"G","BONITET":17,"ALDER":68,"VOLUM_DAA":20.8,"TREANTALL":98,"MIDDELHOYDE":18.4,"MILJOFIGUR":null,"MERKNAD":null,"KILDE":"Tidligere skogbruksplan (NIBIO) + SR16","PLAN_HOGSTKLASSE":4,"PLAN_REGISTRERT":"2013","SR16_ALDER":61,"SR16_BONITET":17,"SR16_VOLUM_MB_DAA":24.1,"SR16_VOLUM_USIKKERHET_PST":27,"SR16_DEKNING_PST":100},"geometry":{"type":"Polygon","coordinates":[[[11.06588525,60.24481538],[11.06603751,60.24476506],[11.06613299,60.24474921000001],[11.06613262,60.24473022000001],[11.066178999999998,60.24464279999999],[11.06635794,60.24449894],[11.06659324,60.24433308],[11.06661876,60.24431511],[11.06672921,60.244243280000006],[11.06679397,60.24422131999999],[11.066973269999998,60.24420960999998],[11.067065349999998,60.24422394],[11.06710288,60.24431314],[11.067115129999998,60.244407790000004],[11.06714538,60.24443714000001],[11.06732717,60.244442140000004],[11.0673639,60.24442282999999],[11.06743818,60.2443397],[11.06761317,60.24429789],[11.067575279999998,60.24425934999999],[11.06749288,60.24419124999999],[11.067464419999999,60.244179239999994],[11.06732212,60.24411917999998],[11.06711007,60.24408256999998],[11.066967109999998,60.24405816],[11.066945729999999,60.24405092999999],[11.066774700000002,60.243993120000006],[11.06672239,60.243978619999986],[11.06659449,60.24391507000001],[11.066582730000002,60.24377481],[11.06658277,60.24377243],[11.066663170000002,60.243689620000005],[11.066738169999999,60.24364005999999],[11.06669296,60.24347524999999],[11.066559840000002,60.24341065],[11.066384079999999,60.24338202999998],[11.066244440000002,60.243367490000004],[11.06593419,60.243349379999984],[11.06590341,60.24334924],[11.065830659999998,60.24334891],[11.065645769999998,60.24336058999999],[11.06549651,60.24341277],[11.06548521,60.24341828],[11.06545277,60.243508559999995],[11.065499109999998,60.24357554],[11.06553946,60.24366336],[11.065538669999999,60.24370647999999],[11.065520160000002,60.2437996],[11.06552545,60.24381630999999],[11.065442799999998,60.24389801000001],[11.06532729,60.24394059999999],[11.06514509,60.24395786000001],[11.06497174,60.24395011000001],[11.064784719999999,60.24392560999998],[11.06460303,60.243915050000005],[11.064558239999998,60.243916229999996],[11.06437324,60.24393347],[11.064232289999998,60.243989860000006],[11.064066179999998,60.24404475],[11.06402976,60.24404736],[11.0637582,60.244054469999995],[11.06374983,60.24405303999999],[11.06359402,60.24400503],[11.06347191,60.243950229999996],[11.06331613,60.24390082999999],[11.063165219999998,60.243890399999984],[11.063004939999999,60.24393279000001],[11.062968179999999,60.24395349000001],[11.06289606,60.24400454999997],[11.06298829,60.24403706999999],[11.063102409999999,60.24410773],[11.063153069999998,60.24414239000001],[11.06330008,60.24423741999998],[11.063450459999997,60.24428911999997],[11.06346828,60.244296850000005],[11.063634329999998,60.24433330999999],[11.063728849999999,60.244354139999984],[11.06390279,60.24438044000001],[11.06390535,60.24438044999999],[11.06408717,60.24439658000001],[11.06410508,60.24439921999999],[11.064314709999998,60.24443714999999],[11.06439881,60.24446686999999],[11.06440685,60.24452896],[11.06447709,60.244533530000005],[11.06456157,60.24454284],[11.06473817,60.24456405],[11.06481993,60.244581000000004],[11.064985690000002,60.24463403000001],[11.06502898,60.244650809999996],[11.065163769999998,60.244713909999994],[11.06519182,60.24472296],[11.065342230000002,60.24477338],[11.065466660000002,60.24484152],[11.06549473,60.2448493],[11.06567933,60.24485397],[11.06571529,60.24485158000001],[11.06588525,60.24481538]]]}},{"type":"Feature","properties":{"BESTANDNR":"1-65","TEIG":"1","AREAL_DAA":6.8,"TRESLAG":"G","BONITET":20,"ALDER":13,"VOLUM_DAA":5.1,"TREANTALL":89,"MIDDELHOYDE":9.6,"MILJOFIGUR":null,"MERKNAD":null,"KILDE":"Tidligere skogbruksplan (NIBIO) + SR16","PLAN_HOGSTKLASSE":1,"PLAN_REGISTRERT":"2013","SR16_ALDER":32,"SR16_BONITET":19,"SR16_VOLUM_MB_DAA":5.9,"SR16_VOLUM_USIKKERHET_PST":29,"SR16_DEKNING_PST":100},"geometry":{"type":"Polygon","coordinates":[[[11.06845386,60.24444481000001],[11.06845451,60.24444363],[11.0684662,60.24442261000001],[11.068500579999998,60.244372860000006],[11.06853567,60.2442839],[11.06852216,60.24423868999999],[11.06851664,60.24414836],[11.068512150000002,60.24413289000001],[11.06841075,60.24405757999999],[11.06836806,60.24403955999999],[11.0682402,60.24397363],[11.068155280000001,60.24391264999999],[11.06793342,60.24375955],[11.0678033,60.24368648],[11.067789180000002,60.24367453],[11.0676642,60.24358247999999],[11.06753873,60.24351656000001],[11.06751049,60.24349266],[11.06741671,60.24339361999998],[11.06738719,60.24330912],[11.06736932,60.24328197],[11.067226,60.24336661],[11.06720066,60.243391229999986],[11.06714326,60.24344702999999],[11.067102129999999,60.24347417],[11.066981150000002,60.24355442000001],[11.066896799999999,60.243592060000005],[11.066738169999999,60.24364005999999],[11.066663170000002,60.243689620000005],[11.06658277,60.24377243],[11.066582730000002,60.24377481],[11.06659449,60.24391507000001],[11.06672239,60.243978619999986],[11.066774700000002,60.243993120000006],[11.066945729999999,60.24405092999999],[11.066967109999998,60.24405816],[11.06711007,60.24408256999998],[11.06732212,60.24411917999998],[11.067464419999999,60.244179239999994],[11.06749288,60.24419124999999],[11.067575279999998,60.24425934999999],[11.06761317,60.24429789],[11.06765271,60.244338119999995],[11.067762039999998,60.24437188999996],[11.06793357,60.24440236999999],[11.06793596,60.24440237999998],[11.06804281,60.24444088999999],[11.06822664,60.244452410000015],[11.0682506,60.244448959999986],[11.06845386,60.24444481000001]]]}},{"type":"Feature","properties":{"BESTANDNR":"1-66","TEIG":"1","AREAL_DAA":12.0,"TRESLAG":"G","BONITET":20,"ALDER":63,"VOLUM_DAA":4.8,"TREANTALL":81,"MIDDELHOYDE":9.0,"MILJOFIGUR":null,"MERKNAD":"Avvik: HK 4 i planen (2013), men SR16 viser 4.8 m³/daa og 9.0 m høyde – trolig hogd eller glissen, kontroller","KILDE":"Tidligere skogbruksplan (NIBIO) + SR16","PLAN_HOGSTKLASSE":4,"PLAN_REGISTRERT":"2013","SR16_ALDER":39,"SR16_BONITET":18,"SR16_VOLUM_MB_DAA":5.6,"SR16_VOLUM_USIKKERHET_PST":44,"SR16_DEKNING_PST":100},"geometry":{"type":"Polygon","coordinates":[[[11.063708669999999,60.24500366],[11.063731730000002,60.24500504],[11.0639417,60.24502512999999],[11.06408227,60.24505254999998],[11.06426417,60.24506485],[11.06432856,60.245065949999976],[11.06435556,60.24500350000001],[11.064359669999998,60.24491935999999],[11.06441257,60.2448329],[11.0644493,60.24478842999999],[11.06443241,60.24473097],[11.064322399999998,60.24471516999997],[11.064143079999997,60.24470287999999],[11.06407425,60.244679610000006],[11.06404514,60.24458894],[11.06405044,60.24458004],[11.064082180000002,60.244567090000004],[11.06378482,60.24451762000002],[11.063618819999999,60.244478609999994],[11.06350674,60.24443600999999],[11.063328690000002,60.24435487],[11.06329568,60.244336860000004],[11.06313805,60.244260909999994],[11.062987720000002,60.24420667],[11.06297497,60.24420278],[11.062809079999997,60.244157390000005],[11.062538680000001,60.244077100000005],[11.062396009999999,60.244024159999995],[11.062332320000001,60.244000920000005],[11.06218907,60.24397986],[11.062113370000002,60.24405092],[11.06196675,60.2440732],[11.061838929999999,60.24404966999999],[11.06173413,60.24403005999999],[11.06158599,60.24399623],[11.06140937,60.24397629],[11.06129909,60.24397578000002],[11.06110673,60.2439749],[11.06097652,60.24397193],[11.06087977,60.24404143999999],[11.06086937,60.24404904999999],[11.060798560000002,60.24413288],[11.06079806,60.24415966000001],[11.06078575,60.24422801],[11.06088789,60.244269020000004],[11.06109921,60.24435414],[11.06126255,60.244398249999996],[11.06142576,60.24445000000001],[11.061640209999998,60.244504539999994],[11.06181918,60.24453596],[11.06184473,60.24454117999999],[11.06214594,60.24462035],[11.06220707,60.24464358],[11.06248219,60.24474685],[11.06263323,60.24476284000001],[11.06279145,60.244806919999995],[11.06284484,60.24483267],[11.06289453,60.24491961],[11.0629071,60.244933689999996],[11.06300058,60.24501062000001],[11.06302592,60.24502731999999],[11.063150700000001,60.24507634000001],[11.063253179999998,60.24508318999997],[11.06341541,60.2450495],[11.063708669999999,60.24500366]]]}},{"type":"Feature","properties":{"BESTANDNR":"1-67","TEIG":"1","AREAL_DAA":11.6,"TRESLAG":"G","BONITET":17,"ALDER":33,"VOLUM_DAA":9.2,"TREANTALL":120,"MIDDELHOYDE":13.2,"MILJOFIGUR":null,"MERKNAD":null,"KILDE":"Tidligere skogbruksplan (NIBIO) + SR16","PLAN_HOGSTKLASSE":2,"PLAN_REGISTRERT":"2013","SR16_ALDER":41,"SR16_BONITET":16,"SR16_VOLUM_MB_DAA":10.9,"SR16_VOLUM_USIKKERHET_PST":27,"SR16_DEKNING_PST":100},"geometry":{"type":"Polygon","coordinates":[[[11.0689455,60.24565813000001],[11.06906361,60.24560400999999],[11.06917012,60.24553082000001],[11.069204169999999,60.24549888999998],[11.069320200000002,60.24542813],[11.06938282,60.24540226999999],[11.069501790000002,60.24536627],[11.06954145,60.24535427],[11.06957539,60.24532523999999],[11.06962158,60.245285719999984],[11.06957493,60.245222530000014],[11.06953354,60.24513323],[11.06956414,60.24502881000001],[11.06960398,60.24494106000001],[11.06961296,60.24484247999999],[11.069599159999997,60.244682010000005],[11.069599559999999,60.24466062],[11.069605989999998,60.244570350000004],[11.06963554,60.24452296],[11.069701699999998,60.244434139999996],[11.069748,60.244385630000004],[11.06985687,60.244313649999995],[11.06991332,60.24423310000001],[11.069910929999999,60.24423309],[11.06986952,60.24414498000001],[11.069994790000003,60.24396018000002],[11.07005593,60.24388442],[11.07011963,60.243799150000015],[11.070116459999998,60.24371121],[11.07006117,60.243728790000006],[11.06994784,60.24378293],[11.06980119,60.2438298],[11.0696196,60.24382659999999],[11.06953617,60.24381433999999],[11.06931435,60.243789570000004],[11.06920656,60.24379193],[11.06922963,60.24384740999999],[11.069216589999998,60.243906759999994],[11.069150520000003,60.243990820000015],[11.06904328,60.24410441],[11.068940329999998,60.24424414999999],[11.068932769999998,60.24426549999999],[11.06886847,60.24438284000001],[11.06885138,60.24440296000001],[11.06879719,60.244490649999996],[11.068786909999998,60.24452981],[11.06872335,60.24460675000001],[11.06855562,60.24462976000001],[11.06847132,60.24458626999999],[11.06835213,60.24464785000001],[11.06832086,60.244658400000006],[11.06838847,60.24475139],[11.06846118,60.24482657000001],[11.06848341,60.244918160000005],[11.06848254,60.24496569],[11.068456649999998,60.245073699999985],[11.06845166,60.24508555999999],[11.068428489999999,60.24517575999999],[11.06842102,60.245192360000004],[11.06837126,60.245299069999994],[11.068319629999998,60.245377259999984],[11.06829264,60.24541516],[11.068221779999998,60.245499200000005],[11.06821909,60.245515819999994],[11.06835664,60.245574669999996],[11.068434310000002,60.24564037],[11.068518829999999,60.24572392999999],[11.06855207,60.24573595999998],[11.068733719999999,60.245736779999994],[11.068801089999997,60.245712129999994],[11.0689455,60.24565813000001]]]}},{"type":"Feature","properties":{"BESTANDNR":"1-68","TEIG":"1","AREAL_DAA":4.7,"TRESLAG":"G","BONITET":17,"ALDER":53,"VOLUM_DAA":22.2,"TREANTALL":99,"MIDDELHOYDE":18.8,"MILJOFIGUR":null,"MERKNAD":null,"KILDE":"Tidligere skogbruksplan (NIBIO) + SR16","PLAN_HOGSTKLASSE":3,"PLAN_REGISTRERT":"2013","SR16_ALDER":62,"SR16_BONITET":17,"SR16_VOLUM_MB_DAA":25.6,"SR16_VOLUM_USIKKERHET_PST":29,"SR16_DEKNING_PST":100},"geometry":{"type":"Polygon","coordinates":[[[11.067870269999998,60.244694329999994],[11.06804514,60.24466962000001],[11.06832086,60.244658400000006],[11.06835213,60.24464785000001],[11.06847132,60.24458626999999],[11.06843013,60.24456503],[11.06841677,60.24451150000001],[11.06845386,60.24444481000001],[11.0682506,60.244448959999986],[11.06822664,60.244452410000015],[11.06804281,60.24444088999999],[11.06793596,60.24440237999998],[11.06793357,60.24440236999999],[11.067762039999998,60.24437188999996],[11.06765271,60.244338119999995],[11.06761317,60.24429789],[11.06743818,60.2443397],[11.0673639,60.24442282999999],[11.06732717,60.244442140000004],[11.06714538,60.24443714000001],[11.067115129999998,60.244407790000004],[11.06710288,60.24431314],[11.067065349999998,60.24422394],[11.066973269999998,60.24420960999998],[11.06679397,60.24422131999999],[11.06672921,60.244243280000006],[11.06661876,60.24431511],[11.06659324,60.24433308],[11.06635794,60.24449894],[11.066178999999998,60.24464279999999],[11.06613262,60.24473022000001],[11.06613299,60.24474921000001],[11.06619446,60.244739],[11.06655375,60.24472915999999],[11.066835909999998,60.244729159999984],[11.06712063,60.24472917999999],[11.067279550000002,60.244735],[11.06745869,60.244757489999984],[11.06772106,60.24471788000001],[11.067870269999998,60.244694329999994]]]}},{"type":"Feature","properties":{"BESTANDNR":"1-69","TEIG":"1","AREAL_DAA":14.3,"TRESLAG":"G","BONITET":20,"ALDER":48,"VOLUM_DAA":11.5,"TREANTALL":110,"MIDDELHOYDE":13.5,"MILJOFIGUR":null,"MERKNAD":null,"KILDE":"Tidligere skogbruksplan (NIBIO) + SR16","PLAN_HOGSTKLASSE":3,"PLAN_REGISTRERT":"2013","SR16_ALDER":42,"SR16_BONITET":18,"SR16_VOLUM_MB_DAA":13.4,"SR16_VOLUM_USIKKERHET_PST":42,"SR16_DEKNING_PST":100},"geometry":{"type":"Polygon","coordinates":[[[11.07046281,60.24620799999999],[11.07044593,60.24608554],[11.07044367,60.24607839999999],[11.070397450000002,60.24599145],[11.07041086,60.2459119],[11.070473170000001,60.24590268000001],[11.07065721,60.24590351000001],[11.07074262,60.24593835],[11.070891967412019,60.24600427885757],[11.07091274843968,60.24590991925335],[11.070895129343496,60.24578256136983],[11.070881362673784,60.245691844588016],[11.070874699999997,60.24564797],[11.07086449,60.24558067999999],[11.070854280331972,60.2455133821882],[11.070758120935823,60.245356594684914],[11.07075572,60.24535268],[11.070755421485966,60.24535219321985],[11.070558597247835,60.245031267021766],[11.070595221174893,60.24486385705858],[11.07061149,60.24478948],[11.070629119999998,60.24470888],[11.07076255,60.24469117],[11.07089598,60.24467346000002],[11.071029404354382,60.244655750749324],[11.07102039768794,60.24461070742461],[11.07101514,60.24458443],[11.07100088,60.24451310999999],[11.07102818,60.24445471],[11.071041565107958,60.24442607668162],[11.071055479344189,60.244396306832165],[11.071055585383167,60.244389677061996],[11.071056160000001,60.24435351],[11.070965850000002,60.244316280000014],[11.07085721,60.24424449999999],[11.07084061,60.24423729],[11.07073198,60.24416551000002],[11.070722849999997,60.24414169999999],[11.070779689999998,60.24403977999999],[11.070809079999998,60.24400069999998],[11.07082509,60.24390928],[11.070677889999999,60.243855139999994],[11.07059162,60.243867829999985],[11.07044477,60.24392537999999],[11.070357689999998,60.24398202000002],[11.070246360000002,60.24405757000001],[11.07019516,60.24411318000001],[11.07010999,60.24419597],[11.07009065,60.24420776],[11.06991332,60.24423310000001],[11.06985687,60.244313649999995],[11.069748,60.244385630000004],[11.069701699999998,60.244434139999996],[11.06963554,60.24452296],[11.069605989999998,60.244570350000004],[11.069599559999999,60.24466062],[11.069599159999997,60.244682010000005],[11.06961296,60.24484247999999],[11.06960398,60.24494106000001],[11.06956414,60.24502881000001],[11.06953354,60.24513323],[11.06957493,60.245222530000014],[11.06962158,60.245285719999984],[11.06957539,60.24532523999999],[11.06967031,60.24536554999999],[11.0696727,60.24536556000001],[11.069738080000002,60.24545022],[11.069748620000002,60.2455275],[11.0697384,60.24556310000001],[11.06972478,60.245654529999996],[11.069743469999999,60.24567838],[11.06976089,60.24577113000001],[11.06972117,60.245851749999986],[11.06967179,60.24593827000001],[11.06966414,60.245964369999996],[11.069648119999998,60.24605579000001],[11.06965016,60.24607481],[11.069725149999998,60.24615713999999],[11.06988778,60.24615193],[11.069999869999998,60.246165510000004],[11.07012346,60.24620409],[11.070163840000001,60.246218529999986],[11.070328009999999,60.246259669999986],[11.070462749999999,60.246211560000006],[11.07046281,60.24620799999999]]]}},{"type":"Feature","properties":{"BESTANDNR":"1-70","TEIG":"1","AREAL_DAA":39.2,"TRESLAG":"G","BONITET":17,"ALDER":36,"VOLUM_DAA":11.5,"TREANTALL":122,"MIDDELHOYDE":13.8,"MILJOFIGUR":null,"MERKNAD":null,"KILDE":"Tidligere skogbruksplan (NIBIO) + SR16","PLAN_HOGSTKLASSE":2,"PLAN_REGISTRERT":"2013","SR16_ALDER":44,"SR16_BONITET":16,"SR16_VOLUM_MB_DAA":13.5,"SR16_VOLUM_USIKKERHET_PST":37,"SR16_DEKNING_PST":100},"geometry":{"type":"Polygon","coordinates":[[[11.06638649,60.24712204],[11.06657173,60.24709227],[11.066615430000002,60.24708737000001],[11.066762670000001,60.24703194000002],[11.066786060000002,60.24701546000001],[11.066874960000002,60.24692406],[11.066901269999999,60.24688847000001],[11.06698998,60.246807269999984],[11.06700296,60.24679840000001],[11.06711714,60.24672751],[11.0671637,60.24670605000001],[11.067313409999999,60.24665572],[11.067505210000002,60.2465482],[11.067762329999999,60.24637594999999],[11.06794168,60.246247969999985],[11.06795728,60.24623657],[11.068043389999998,60.24615662],[11.068051719999998,60.24612223],[11.06800719,60.24603277],[11.06801902,60.24594738999999],[11.068115320000002,60.24587132],[11.06826488,60.24582864],[11.06844238,60.245801390000004],[11.06855207,60.24573595999998],[11.068518829999999,60.24572392999999],[11.068434310000002,60.24564037],[11.06835664,60.245574669999996],[11.06821909,60.245515819999994],[11.068221779999998,60.245499200000005],[11.06829264,60.24541516],[11.068319629999998,60.245377259999984],[11.06837126,60.245299069999994],[11.06842102,60.245192360000004],[11.068428489999999,60.24517575999999],[11.06845166,60.24508555999999],[11.068456649999998,60.245073699999985],[11.06848254,60.24496569],[11.06848341,60.244918160000005],[11.06846118,60.24482657000001],[11.06838847,60.24475139],[11.06832086,60.244658400000006],[11.06804514,60.24466962000001],[11.067870269999998,60.244694329999994],[11.06772106,60.24471788000001],[11.06745869,60.244757489999984],[11.067279550000002,60.244735],[11.06712063,60.24472917999999],[11.066835909999998,60.244729159999984],[11.06655375,60.24472915999999],[11.06619446,60.244739],[11.06613299,60.24474921000001],[11.06603751,60.24476506],[11.06588525,60.24481538],[11.06571529,60.24485158000001],[11.06567933,60.24485397],[11.06549473,60.2448493],[11.065466660000002,60.24484152],[11.065342230000002,60.24477338],[11.06519182,60.24472296],[11.065163769999998,60.244713909999994],[11.06502898,60.244650809999996],[11.064985690000002,60.24463403000001],[11.06481993,60.244581000000004],[11.06473817,60.24456405],[11.06456157,60.24454284],[11.06447709,60.244533530000005],[11.06440685,60.24452896],[11.06428751,60.24452118999999],[11.06419259,60.24452203],[11.064082180000002,60.244567090000004],[11.06405044,60.24458004],[11.06404514,60.24458894],[11.06407425,60.244679610000006],[11.064143079999997,60.24470287999999],[11.064322399999998,60.24471516999997],[11.06443241,60.24473097],[11.0644493,60.24478842999999],[11.06441257,60.2448329],[11.064359669999998,60.24491935999999],[11.06435556,60.24500350000001],[11.06432856,60.245065949999976],[11.064366739999999,60.24506659999999],[11.06463337,60.24507418999998],[11.06477599,60.24512966999998],[11.06477851,60.24513223000001],[11.064812699999997,60.24522546999999],[11.0648215,60.24530457],[11.064850250000001,60.24541436000001],[11.06491796,60.24549883000001],[11.06493036,60.245521839999995],[11.064951799999998,60.245611199999985],[11.064961490000002,60.245641850000005],[11.06497281,60.24572351],[11.064948079999999,60.24581265999999],[11.06499517,60.245902130000005],[11.06512222,60.245967740000005],[11.065193800000001,60.245980820000014],[11.06538346,60.245989329999986],[11.06541427,60.24598819999999],[11.065673490000002,60.245980450000005],[11.06578905,60.24597333],[11.065936240000001,60.24592044],[11.06599027,60.24591176],[11.06616683,60.24593552],[11.066189449999998,60.245961120000004],[11.06617236,60.246052859999985],[11.066163680000003,60.24610637],[11.066123049999998,60.2462235],[11.06611778,60.246231129999984],[11.06602401,60.24630849],[11.065995350000001,60.246332579999994],[11.065868300000002,60.246405960000004],[11.06573667,60.24644999000001],[11.06556166,60.246481079999995],[11.06542045,60.246488079999985],[11.06547057,60.24655207],[11.06557875,60.24666732],[11.065718789999998,60.24672406999999],[11.065807769999997,60.24676783],[11.06587046,60.24684589999999],[11.06592278,60.246930290000016],[11.06604983,60.24699591000001],[11.06611841,60.24703319999999],[11.06619901,60.24711390000001],[11.06620875,60.24716203],[11.066219030000001,60.2471608],[11.06638649,60.24712204]]]}},{"type":"Feature","properties":{"BESTANDNR":"1-71","TEIG":"1","AREAL_DAA":26.9,"TRESLAG":"G","BONITET":20,"ALDER":13,"VOLUM_DAA":5.5,"TREANTALL":94,"MIDDELHOYDE":9.8,"MILJOFIGUR":null,"MERKNAD":null,"KILDE":"Tidligere skogbruksplan (NIBIO) + SR16","PLAN_HOGSTKLASSE":1,"PLAN_REGISTRERT":"2013","SR16_ALDER":34,"SR16_BONITET":18,"SR16_VOLUM_MB_DAA":6.4,"SR16_VOLUM_USIKKERHET_PST":51,"SR16_DEKNING_PST":100},"geometry":{"type":"Polygon","coordinates":[[[11.06573667,60.24644999000001],[11.065868300000002,60.246405960000004],[11.065995350000001,60.246332579999994],[11.06602401,60.24630849],[11.06611778,60.246231129999984],[11.066123049999998,60.2462235],[11.066163680000003,60.24610637],[11.06617236,60.246052859999985],[11.066189449999998,60.245961120000004],[11.06616683,60.24593552],[11.06599027,60.24591176],[11.065936240000001,60.24592044],[11.06578905,60.24597333],[11.065673490000002,60.245980450000005],[11.06541427,60.24598819999999],[11.06538346,60.245989329999986],[11.065193800000001,60.245980820000014],[11.06512222,60.245967740000005],[11.06499517,60.245902130000005],[11.064948079999999,60.24581265999999],[11.06497281,60.24572351],[11.064961490000002,60.245641850000005],[11.064951799999998,60.245611199999985],[11.06493036,60.245521839999995],[11.06491796,60.24549883000001],[11.064850250000001,60.24541436000001],[11.0648215,60.24530457],[11.064812699999997,60.24522546999999],[11.06477851,60.24513223000001],[11.06477599,60.24512966999998],[11.06463337,60.24507418999998],[11.064366739999999,60.24506659999999],[11.06432856,60.245065949999976],[11.06426417,60.24506485],[11.06408227,60.24505254999998],[11.0639417,60.24502512999999],[11.063731730000002,60.24500504],[11.063708669999999,60.24500366],[11.06341541,60.2450495],[11.063253179999998,60.24508318999997],[11.063150700000001,60.24507634000001],[11.06302592,60.24502731999999],[11.06300058,60.24501062000001],[11.0629071,60.244933689999996],[11.06289453,60.24491961],[11.06284484,60.24483267],[11.06279145,60.244806919999995],[11.06263323,60.24476284000001],[11.06248219,60.24474685],[11.06220707,60.24464358],[11.06214594,60.24462035],[11.06184473,60.24454117999999],[11.06181918,60.24453596],[11.061640209999998,60.244504539999994],[11.06142576,60.24445000000001],[11.06126255,60.244398249999996],[11.06109921,60.24435414],[11.06088789,60.244269020000004],[11.06078575,60.24422801],[11.06075295,60.244214840000005],[11.06061034,60.24415935],[11.06052865,60.244138580000005],[11.060346810000002,60.24412372],[11.06030563,60.24413117999998],[11.06019655,60.24420336],[11.0602726,60.24425216],[11.060376329999999,60.244329149999984],[11.060492019999998,60.24445337],[11.06053213,60.24450328],[11.06059725,60.24458774],[11.0606728,60.24466332000001],[11.060748210000002,60.24474655000001],[11.06086913,60.244846719999984],[11.060879199999999,60.244856969999994],[11.0609652,60.24492240000001],[11.061117169999998,60.24502638],[11.061157639999998,60.24505717],[11.061269150000001,60.24513036],[11.06149068,60.24521809000001],[11.061539039999998,60.245238709999995],[11.0616894,60.245291679999994],[11.0618094,60.24532155999999],[11.061988689999998,60.245336409999986],[11.06214168,60.24538557],[11.062189939999998,60.24541129],[11.06230148,60.24548321000001],[11.062409929999998,60.245583169999996],[11.06249927,60.24565941],[11.062529500000002,60.245696590000016],[11.06256403,60.24578490999999],[11.06250301,60.24605557999999],[11.06247613,60.24612703],[11.0624701,60.246180679999995],[11.06252008,60.24626777999998],[11.06256089,60.24628710999998],[11.062811400000001,60.24637375],[11.06293679,60.24640877],[11.062964910000002,60.24638379],[11.06305615,60.24630515],[11.0630899,60.246283630000015],[11.06322443,60.246221760000005],[11.06327385,60.24618500999999],[11.063267610000002,60.24610591999999],[11.06325507,60.24609056],[11.063228510000002,60.24600118],[11.063234129999998,60.24597442999999],[11.06337361,60.24592278000001],[11.06346383,60.24589897],[11.06359801,60.24585623],[11.06370334,60.24584777999999],[11.063883140000002,60.24583458000001],[11.06392444,60.24582074000002],[11.06410182,60.24579986999999],[11.06421729,60.24579785000001],[11.06439384,60.24582160999999],[11.06443474,60.24582943999999],[11.06459553,60.24587353],[11.06473813,60.24593028999999],[11.064798629999999,60.245987939999985],[11.064863769999999,60.2460724],[11.064871210000002,60.24608645999999],[11.06495696,60.24616591000001],[11.064974509999997,60.24618766999998],[11.065055060000002,60.24627092],[11.06510603,60.246289],[11.06524864,60.24634576],[11.065319259999999,60.24641111999999],[11.06542045,60.246488079999985],[11.06556166,60.246481079999995],[11.06573667,60.24644999000001]]]}},{"type":"Feature","properties":{"BESTANDNR":"1-72","TEIG":"1","AREAL_DAA":6.5,"TRESLAG":"G","BONITET":17,"ALDER":78,"VOLUM_DAA":11.6,"TREANTALL":102,"MIDDELHOYDE":13.2,"MILJOFIGUR":null,"MERKNAD":null,"KILDE":"Tidligere skogbruksplan (NIBIO) + SR16","PLAN_HOGSTKLASSE":4,"PLAN_REGISTRERT":"2013","SR16_ALDER":42,"SR16_BONITET":17,"SR16_VOLUM_MB_DAA":13.4,"SR16_VOLUM_USIKKERHET_PST":49,"SR16_DEKNING_PST":100},"geometry":{"type":"Polygon","coordinates":[[[11.06886377,60.24660282],[11.069041179999997,60.24658066999999],[11.069177140000003,60.24658000999999],[11.069561770000002,60.246588119999984],[11.06958999,60.24658825000001],[11.06976982,60.24657376],[11.069952399999998,60.24654908000001],[11.06996271,60.24654658],[11.07009977,60.24648599],[11.070099819999998,60.24648344],[11.069995999999998,60.24640901],[11.069983230000002,60.246406410000006],[11.06981979,60.24636614],[11.06979971,60.24634182],[11.069826999999998,60.246252680000005],[11.069725149999998,60.24615713999999],[11.06965016,60.24607481],[11.069648119999998,60.24605579000001],[11.06966414,60.245964369999996],[11.06967179,60.24593827000001],[11.06972117,60.245851749999986],[11.06976089,60.24577113000001],[11.069743469999999,60.24567838],[11.06972478,60.245654529999996],[11.0697384,60.24556310000001],[11.069748620000002,60.2455275],[11.069738080000002,60.24545022],[11.0696727,60.24536556000001],[11.06967031,60.24536554999999],[11.06957539,60.24532523999999],[11.06954145,60.24535427],[11.069501790000002,60.24536627],[11.06943019,60.24550875999999],[11.069331319999998,60.24558482],[11.069229680000001,60.24567234],[11.069166509999999,60.245760039999986],[11.06910917,60.24580951000001],[11.069030660000001,60.24589459],[11.06896273,60.245961869999995],[11.068902170000001,60.24604702999999],[11.068810949999998,60.246125670000005],[11.06874866,60.24616492],[11.068611580000002,60.24622678],[11.06856485,60.24625717],[11.06846345,60.24633067],[11.068402870000002,60.24641711],[11.06841744,60.24646179999999],[11.068487629999998,60.24655137999999],[11.068498910000002,60.24663559],[11.068519100000001,60.24665353999998],[11.06869651,60.246631390000005],[11.06886377,60.24660282]]]}},{"type":"Feature","properties":{"BESTANDNR":"1-73","TEIG":"1","AREAL_DAA":21.2,"TRESLAG":"G","BONITET":20,"ALDER":48,"VOLUM_DAA":18.8,"TREANTALL":117,"MIDDELHOYDE":17.2,"MILJOFIGUR":null,"MERKNAD":null,"KILDE":"Tidligere skogbruksplan (NIBIO) + SR16","PLAN_HOGSTKLASSE":3,"PLAN_REGISTRERT":"2013","SR16_ALDER":55,"SR16_BONITET":17,"SR16_VOLUM_MB_DAA":21.8,"SR16_VOLUM_USIKKERHET_PST":35,"SR16_DEKNING_PST":100},"geometry":{"type":"Polygon","coordinates":[[[11.06530897,60.24759666],[11.06538944,60.247549710000015],[11.06541797,60.24753448999999],[11.06552454,60.24746336],[11.065560799999998,60.24744688999999],[11.06571073,60.247396380000005],[11.065902299999998,60.24736593999998],[11.065907849999999,60.24734300999998],[11.06599143,60.24726178000001],[11.0661234,60.247199900000005],[11.06620875,60.24716203],[11.06619901,60.24711390000001],[11.06611841,60.24703319999999],[11.06604983,60.24699591000001],[11.06592278,60.246930290000016],[11.06587046,60.24684589999999],[11.065807769999997,60.24676783],[11.065718789999998,60.24672406999999],[11.06557875,60.24666732],[11.06547057,60.24655207],[11.06542045,60.246488079999985],[11.065319259999999,60.24641111999999],[11.06524864,60.24634576],[11.06510603,60.246289],[11.065055060000002,60.24627092],[11.064974509999997,60.24618766999998],[11.06495696,60.24616591000001],[11.064871210000002,60.24608645999999],[11.064863769999999,60.2460724],[11.064798629999999,60.245987939999985],[11.06473813,60.24593028999999],[11.06459553,60.24587353],[11.06443474,60.24582943999999],[11.06439384,60.24582160999999],[11.06421729,60.24579785000001],[11.06410182,60.24579986999999],[11.06392444,60.24582074000002],[11.063883140000002,60.24583458000001],[11.06370334,60.24584777999999],[11.06359801,60.24585623],[11.06346383,60.24589897],[11.06337361,60.24592278000001],[11.063234129999998,60.24597442999999],[11.063228510000002,60.24600118],[11.06325507,60.24609056],[11.063267610000002,60.24610591999999],[11.06327385,60.24618500999999],[11.06322443,60.246221760000005],[11.0630899,60.246283630000015],[11.06305615,60.24630515],[11.062964910000002,60.24638379],[11.06293679,60.24640877],[11.06299016,60.24644603999999],[11.06307625,60.24652562000001],[11.06311439,60.24655134],[11.06319532,60.246632169999984],[11.06329086,60.24676291],[11.06333844,60.24683978000001],[11.06339613,60.24692691],[11.06354015,60.24707955999999],[11.0635477,60.24708981999999],[11.06369229,60.24720796999998],[11.063730429999996,60.247233689999995],[11.06398827,60.247343359999995],[11.06418508,60.247413159999994],[11.064338519999998,60.24746235],[11.06434364,60.24746364000001],[11.06453385,60.24746569999999],[11.0645963,60.24741994],[11.06460042,60.24732540000001],[11.064640409999999,60.24723866000001],[11.064809969999999,60.247245739999975],[11.064867750000001,60.24732776],[11.064875159999998,60.24734567999999],[11.064914829999998,60.24743529],[11.06497267,60.247513479999995],[11.06507167,60.24759056],[11.06518375,60.247653629999995],[11.065306379999999,60.24759793],[11.06530897,60.24759666]]]}},{"type":"Feature","properties":{"BESTANDNR":"1-74","TEIG":"1","AREAL_DAA":15.6,"TRESLAG":"G","BONITET":23,"ALDER":48,"VOLUM_DAA":17.6,"TREANTALL":91,"MIDDELHOYDE":17.7,"MILJOFIGUR":null,"MERKNAD":null,"KILDE":"Tidligere skogbruksplan (NIBIO) + SR16","PLAN_HOGSTKLASSE":3,"PLAN_REGISTRERT":"2013","SR16_ALDER":55,"SR16_BONITET":20,"SR16_VOLUM_MB_DAA":20.3,"SR16_VOLUM_USIKKERHET_PST":29,"SR16_DEKNING_PST":100},"geometry":{"type":"Polygon","coordinates":[[[11.070627409854817,60.24745580367114],[11.070695977367002,60.24744444655162],[11.070771998844638,60.24742748101005],[11.070838350000002,60.24741267],[11.070931929787616,60.24738331699935],[11.070948021439376,60.24737826901898],[11.07108119083228,60.24733677453012],[11.071113710000002,60.24732664],[11.07123581,60.24727156],[11.07131105,60.24720409999999],[11.0714114,60.24713921000001],[11.07151854,60.24707048999999],[11.071575752170093,60.2470337973694],[11.071625686829295,60.24700176943394],[11.071668125199514,60.24694371225387],[11.071674420000003,60.246935099999995],[11.071682036292167,60.246924681343735],[11.071760960684218,60.246816709298],[11.07177188,60.246801770000005],[11.071782456880232,60.24678730142511],[11.071820608593477,60.246735107833636],[11.0717735,60.24666255],[11.07172639,60.246589990000004],[11.071679290000002,60.246517439999984],[11.071640858818618,60.2464801737961],[11.071587746601256,60.24642867584718],[11.07155129,60.24639333],[11.07148729,60.24633127999999],[11.07145114396182,60.24629622419421],[11.071423294676793,60.24626922102349],[11.071263736928046,60.24618966122687],[11.071210759999996,60.24616324999998],[11.071120482668839,60.246118230293405],[11.070891966260684,60.246004284085366],[11.070891967412019,60.24600427885757],[11.07074262,60.24593835],[11.07065721,60.24590351000001],[11.070473170000001,60.24590268000001],[11.07041086,60.2459119],[11.070397450000002,60.24599145],[11.07044367,60.24607839999999],[11.07044593,60.24608554],[11.07046281,60.24620799999999],[11.070462749999999,60.246211560000006],[11.070328009999999,60.246259669999986],[11.070163840000001,60.246218529999986],[11.07012346,60.24620409],[11.069999869999998,60.246165510000004],[11.06988778,60.24615193],[11.069725149999998,60.24615713999999],[11.069826999999998,60.246252680000005],[11.06979971,60.24634182],[11.06981979,60.24636614],[11.069983230000002,60.246406410000006],[11.069995999999998,60.24640901],[11.070099819999998,60.24648344],[11.07009977,60.24648599],[11.06996271,60.24654658],[11.069952399999998,60.24654908000001],[11.06976982,60.24657376],[11.06958999,60.24658825000001],[11.069561770000002,60.246588119999984],[11.069177140000003,60.24658000999999],[11.06910889,60.24666513],[11.069095460000002,60.24669822],[11.069075750000001,60.24679377],[11.069084279999998,60.24688817],[11.06909396,60.24692009],[11.069164239999997,60.247004569999994],[11.06922489,60.24705458],[11.06933672,60.247111189999984],[11.069500109999998,60.247154009999996],[11.0696767,60.24717647999999],[11.069904460000002,60.247206840000004],[11.070024450000002,60.24723799],[11.07015182,60.24728702],[11.070187309999998,60.24731012999999],[11.0703116,60.2473872],[11.07045163,60.24744521000001],[11.070503203806124,60.247476376257026],[11.070503205730908,60.24747637600193],[11.070575407402112,60.24746441702283],[11.07059959,60.24746041],[11.070627409854817,60.24745580367114]]]}},{"type":"Feature","properties":{"BESTANDNR":"1-75","TEIG":"1","AREAL_DAA":7.9,"TRESLAG":"G","BONITET":17,"ALDER":68,"VOLUM_DAA":11.8,"TREANTALL":104,"MIDDELHOYDE":13.3,"MILJOFIGUR":null,"MERKNAD":null,"KILDE":"Tidligere skogbruksplan (NIBIO) + SR16","PLAN_HOGSTKLASSE":4,"PLAN_REGISTRERT":"2013","SR16_ALDER":42,"SR16_BONITET":17,"SR16_VOLUM_MB_DAA":13.7,"SR16_VOLUM_USIKKERHET_PST":47,"SR16_DEKNING_PST":100},"geometry":{"type":"Polygon","coordinates":[[[11.066187229999999,60.24735576],[11.06633444,60.247301589999985],[11.06643215,60.24728928999998],[11.0666114,60.247306679999994],[11.06668564,60.24731467000001],[11.06686802,60.24730147],[11.06701241,60.247261319999986],[11.06715452,60.24720586],[11.067219489999998,60.24716025000001],[11.06730307,60.247079019999994],[11.06730825,60.24707648999999],[11.06742501,60.247004340000004],[11.067461199999999,60.2469892],[11.067588079999998,60.246924750000005],[11.067593259999999,60.24692222000001],[11.06769216,60.24684488],[11.06772371,60.246802949999996],[11.06781755,60.24672175999999],[11.06783326,60.24670398],[11.06792456,60.24662151],[11.067935079999998,60.24660752999997],[11.0680645,60.24654436],[11.06810328,60.24652795999997],[11.068219800000001,60.24646855999998],[11.06841744,60.24646179999999],[11.068402870000002,60.24641711],[11.06846345,60.24633067],[11.06856485,60.24625717],[11.068611580000002,60.24622678],[11.06874866,60.24616492],[11.068810949999998,60.246125670000005],[11.068902170000001,60.24604702999999],[11.06896273,60.245961869999995],[11.069030660000001,60.24589459],[11.06910917,60.24580951000001],[11.069166509999999,60.245760039999986],[11.069229680000001,60.24567234],[11.069331319999998,60.24558482],[11.06943019,60.24550875999999],[11.069501790000002,60.24536627],[11.06938282,60.24540226999999],[11.069320200000002,60.24542813],[11.069204169999999,60.24549888999998],[11.06917012,60.24553082000001],[11.06906361,60.24560400999999],[11.0689455,60.24565813000001],[11.068801089999997,60.245712129999994],[11.068733719999999,60.245736779999994],[11.06855207,60.24573595999998],[11.06844238,60.245801390000004],[11.06826488,60.24582864],[11.068115320000002,60.24587132],[11.06801902,60.24594738999999],[11.06800719,60.24603277],[11.068051719999998,60.24612223],[11.068043389999998,60.24615662],[11.06795728,60.24623657],[11.06794168,60.246247969999985],[11.067762329999999,60.24637594999999],[11.067505210000002,60.2465482],[11.067313409999999,60.24665572],[11.0671637,60.24670605000001],[11.06711714,60.24672751],[11.06700296,60.24679840000001],[11.06698998,60.246807269999984],[11.066901269999999,60.24688847000001],[11.066874960000002,60.24692406],[11.066786060000002,60.24701546000001],[11.066762670000001,60.24703194000002],[11.066615430000002,60.24708737000001],[11.06657173,60.24709227],[11.06638649,60.24712204],[11.066219030000001,60.2471608],[11.06620875,60.24716203],[11.0661234,60.247199900000005],[11.06599143,60.24726178000001],[11.065907849999999,60.24734300999998],[11.065902299999998,60.24736593999998],[11.06599643,60.24740844000001],[11.066156279999998,60.24736453999999],[11.066187229999999,60.24735576]]]}},{"type":"Feature","properties":{"BESTANDNR":"1-76","TEIG":"1","AREAL_DAA":8.5,"TRESLAG":"L","BONITET":20,"ALDER":33,"VOLUM_DAA":12.3,"TREANTALL":118,"MIDDELHOYDE":14.6,"MILJOFIGUR":null,"MERKNAD":null,"KILDE":"Tidligere skogbruksplan (NIBIO) + SR16","PLAN_HOGSTKLASSE":3,"PLAN_REGISTRERT":"2013","SR16_ALDER":44,"SR16_BONITET":18,"SR16_VOLUM_MB_DAA":14.4,"SR16_VOLUM_USIKKERHET_PST":26,"SR16_DEKNING_PST":100},"geometry":{"type":"Polygon","coordinates":[[[11.068001319999999,60.24765735],[11.06816685,60.24759668],[11.068228899999998,60.24757520999999],[11.0684041,60.247551629999975],[11.068476139999998,60.247548089999995],[11.068668980000002,60.24754631],[11.06871759,60.24756056],[11.06890511,60.24757027],[11.06893087,60.247566539999994],[11.069100749999999,60.24755444],[11.06931685,60.24754509000001],[11.06971827,60.24752242000001],[11.06990327,60.24752827999999],[11.069913510000001,60.24753086999999],[11.06996104,60.24755685],[11.07002977175951,60.24754512668067],[11.070052494900079,60.247541250576965],[11.070070570727184,60.247538359033534],[11.07015795,60.24752438],[11.0702634,60.24750750999999],[11.07029010039784,60.247504206341624],[11.070337271639515,60.24749836567673],[11.070503203806124,60.247476376257026],[11.07045163,60.24744521000001],[11.0703116,60.2473872],[11.070187309999998,60.24731012999999],[11.07015182,60.24728702],[11.070024450000002,60.24723799],[11.069904460000002,60.247206840000004],[11.0696767,60.24717647999999],[11.069500109999998,60.247154009999996],[11.06933672,60.247111189999984],[11.06922489,60.24705458],[11.069164239999997,60.247004569999994],[11.06909396,60.24692009],[11.069084279999998,60.24688817],[11.069075750000001,60.24679377],[11.069095460000002,60.24669822],[11.06910889,60.24666513],[11.069177140000003,60.24658000999999],[11.069041179999997,60.24658066999999],[11.06886377,60.24660282],[11.06869651,60.246631390000005],[11.068519100000001,60.24665353999998],[11.068522219999998,60.24676321],[11.068496049999998,60.24693141000001],[11.06844913,60.24697200000001],[11.06834518,60.247045489999984],[11.068298439999998,60.24707588],[11.068119680000002,60.247171980000005],[11.06796743,60.24722102000001],[11.06778407,60.24728777999999],[11.06765717,60.24735351],[11.06762058,60.24739032],[11.067667699999998,60.24747851999999],[11.06767248,60.24749767000001],[11.06770722,60.24756288],[11.067713699999999,60.247638299999984],[11.06779519,60.24768591],[11.06797543,60.24766875],[11.068001319999999,60.24765735]]]}},{"type":"Feature","properties":{"BESTANDNR":"1-77","TEIG":"1","AREAL_DAA":11.1,"TRESLAG":"L","BONITET":17,"ALDER":18,"VOLUM_DAA":6.6,"TREANTALL":124,"MIDDELHOYDE":10.6,"MILJOFIGUR":null,"MERKNAD":"Treslag: plan G, SR16 L","KILDE":"Tidligere skogbruksplan (NIBIO) + SR16","PLAN_HOGSTKLASSE":2,"PLAN_REGISTRERT":"2013","SR16_ALDER":32,"SR16_BONITET":19,"SR16_VOLUM_MB_DAA":7.7,"SR16_VOLUM_USIKKERHET_PST":32,"SR16_DEKNING_PST":100},"geometry":{"type":"Polygon","coordinates":[[[11.066107339999999,60.247927009999984],[11.06645286,60.24786451000001],[11.06662821,60.24783199],[11.06680099,60.24779946999998],[11.066914290000001,60.247788420000006],[11.06709961,60.247775110000006],[11.067120169999999,60.24777519999999],[11.06730547,60.24776317],[11.06742144,60.24774575000001],[11.06758657,60.24770935],[11.067713699999999,60.247638299999984],[11.06770722,60.24756288],[11.06767248,60.24749767000001],[11.067667699999998,60.24747851999999],[11.06762058,60.24739032],[11.06765717,60.24735351],[11.06778407,60.24728777999999],[11.06796743,60.24722102000001],[11.068119680000002,60.247171980000005],[11.068298439999998,60.24707588],[11.06834518,60.247045489999984],[11.06844913,60.24697200000001],[11.068496049999998,60.24693141000001],[11.068522219999998,60.24676321],[11.068519100000001,60.24665353999998],[11.068498910000002,60.24663559],[11.068487629999998,60.24655137999999],[11.06841744,60.24646179999999],[11.068219800000001,60.24646855999998],[11.06810328,60.24652795999997],[11.0680645,60.24654436],[11.067935079999998,60.24660752999997],[11.06792456,60.24662151],[11.06783326,60.24670398],[11.06781755,60.24672175999999],[11.06772371,60.246802949999996],[11.06769216,60.24684488],[11.067593259999999,60.24692222000001],[11.067588079999998,60.246924750000005],[11.067461199999999,60.2469892],[11.06742501,60.247004340000004],[11.06730825,60.24707648999999],[11.06730307,60.247079019999994],[11.067219489999998,60.24716025000001],[11.06715452,60.24720586],[11.06701241,60.247261319999986],[11.06686802,60.24730147],[11.06668564,60.24731467000001],[11.0666114,60.247306679999994],[11.06643215,60.24728928999998],[11.06633444,60.247301589999985],[11.066187229999999,60.24735576],[11.066156279999998,60.24736453999999],[11.06599643,60.24740844000001],[11.065902299999998,60.24736593999998],[11.06571073,60.247396380000005],[11.065560799999998,60.24744688999999],[11.06552454,60.24746336],[11.06541797,60.24753448999999],[11.06538944,60.247549710000015],[11.06530897,60.24759666],[11.065306379999999,60.24759793],[11.06518375,60.247653629999995],[11.06533368,60.24776030000001],[11.065422459999999,60.2478335],[11.0655577,60.24789539],[11.06569589,60.24793428000001],[11.06587567,60.24794524],[11.065927100000001,60.24794416999999],[11.066107339999999,60.247927009999984]]]}},{"type":"Feature","properties":{"BESTANDNR":"1-78","TEIG":"1","AREAL_DAA":29.3,"TRESLAG":"L","BONITET":14,"ALDER":73,"VOLUM_DAA":12.9,"TREANTALL":145,"MIDDELHOYDE":15.1,"MILJOFIGUR":null,"MERKNAD":null,"KILDE":"Tidligere skogbruksplan (NIBIO) + SR16","PLAN_HOGSTKLASSE":4,"PLAN_REGISTRERT":"2013","SR16_ALDER":70,"SR16_BONITET":13,"SR16_VOLUM_MB_DAA":15.1,"SR16_VOLUM_USIKKERHET_PST":18,"SR16_DEKNING_PST":100},"geometry":{"type":"Polygon","coordinates":[[[11.06495513,60.24858306999999],[11.065031888325418,60.24857736416028],[11.065054414198842,60.248575689018274],[11.065062593619082,60.248574515711155],[11.06509936,60.24856924000001],[11.065211209999998,60.248551959999986],[11.065267490867086,60.24854013587839],[11.065362622319167,60.24852014517943],[11.065474226441305,60.24848751058683],[11.065490729854751,60.24848280001055],[11.06554079,60.24846850999999],[11.065562369999999,60.24846395],[11.06567029,60.2484188],[11.065714022835959,60.24840742617577],[11.065726117763628,60.248404279973876],[11.065738634076505,60.248401329677066],[11.065839540000002,60.24837754000001],[11.065938257390332,60.24835427501191],[11.065952958882532,60.24835080959897],[11.066067727518384,60.24831045924382],[11.06617429,60.248272990000004],[11.06627863,60.24823409],[11.066360155018478,60.248215411141025],[11.066499091275244,60.248183570023826],[11.06651999,60.24817878000001],[11.066658679999998,60.24814159],[11.06679737,60.248104399999995],[11.066828034414158,60.24809573509989],[11.066838736440673,60.248092710170205],[11.066863412982688,60.24808865868297],[11.06694148,60.24807584],[11.067044229999999,60.24805897],[11.067074861572848,60.248053914574534],[11.067298355727768,60.24801701944324],[11.067485402069446,60.24798759767408],[11.06753095,60.247980429999984],[11.067593616106619,60.24796923998232],[11.067759444191815,60.247939620174904],[11.06779594,60.2479331],[11.067838818735257,60.247925542291895],[11.067955023988189,60.247905056494304],[11.068028440000003,60.24789211000002],[11.068147409999998,60.24787745999999],[11.068159030922038,60.247876029001574],[11.068266378155657,60.2478628070288],[11.06832983100964,60.24785045043088],[11.068364640000002,60.24784366999999],[11.06846291,60.24782453],[11.06856108,60.24780679],[11.068636277419994,60.24779320269683],[11.068659255817357,60.247789049849075],[11.068803467492598,60.247763538717294],[11.068835982068851,60.24776004214591],[11.068863049999997,60.24775713],[11.068863545376388,60.24775723012255],[11.068924551572419,60.24776955515852],[11.068940432331162,60.2477773995342],[11.06895346,60.247783830000024],[11.06899338,60.24777781999999],[11.069006451026418,60.24777421982814],[11.069031028748093,60.247767446059164],[11.069078004854742,60.247754076477996],[11.069101140000003,60.24774748999999],[11.069131572178732,60.247740341534715],[11.069185898510003,60.24772757694586],[11.06926197399022,60.24770565582959],[11.06928493,60.24769904000001],[11.06932338267931,60.247687960889785],[11.069383952660804,60.24767050757754],[11.06941089363147,60.24766505761342],[11.069429297093858,60.247660709357625],[11.06949555,60.24764505],[11.069580209999998,60.24762504999999],[11.069706460000003,60.24760413000002],[11.06979921,60.24758638],[11.069891959999998,60.24756863],[11.06996104,60.24755685],[11.069913510000001,60.24753086999999],[11.06990327,60.24752827999999],[11.06971827,60.24752242000001],[11.06931685,60.24754509000001],[11.069100749999999,60.24755444],[11.06893087,60.247566539999994],[11.06890511,60.24757027],[11.06871759,60.24756056],[11.068668980000002,60.24754631],[11.068476139999998,60.247548089999995],[11.0684041,60.247551629999975],[11.068228899999998,60.24757520999999],[11.06816685,60.24759668],[11.068001319999999,60.24765735],[11.06797543,60.24766875],[11.06779519,60.24768591],[11.067713699999999,60.247638299999984],[11.06758657,60.24770935],[11.06742144,60.24774575000001],[11.06730547,60.24776317],[11.067120169999999,60.24777519999999],[11.06709961,60.247775110000006],[11.066914290000001,60.247788420000006],[11.06680099,60.24779946999998],[11.06662821,60.24783199],[11.06645286,60.24786451000001],[11.066107339999999,60.247927009999984],[11.065927100000001,60.24794416999999],[11.06587567,60.24794524],[11.06569589,60.24793428000001],[11.0655577,60.24789539],[11.065422459999999,60.2478335],[11.06533368,60.24776030000001],[11.06518375,60.247653629999995],[11.06507167,60.24759056],[11.06497267,60.247513479999995],[11.064914829999998,60.24743529],[11.064875159999998,60.24734567999999],[11.064867750000001,60.24732776],[11.064809969999999,60.247245739999975],[11.064640409999999,60.24723866000001],[11.06460042,60.24732540000001],[11.0645963,60.24741994],[11.06453385,60.24746569999999],[11.06434364,60.24746364000001],[11.064338519999998,60.24746235],[11.06418508,60.247413159999994],[11.06398827,60.247343359999995],[11.063730429999996,60.247233689999995],[11.06369229,60.24720796999998],[11.0635477,60.24708981999999],[11.06354015,60.24707955999999],[11.06339613,60.24692691],[11.06333844,60.24683978000001],[11.06329086,60.24676291],[11.06319532,60.246632169999984],[11.06311439,60.24655134],[11.06307625,60.24652562000001],[11.06299016,60.24644603999999],[11.06293679,60.24640877],[11.062811400000001,60.24637375],[11.06256089,60.24628710999998],[11.06252008,60.24626777999998],[11.0624701,60.246180679999995],[11.06247613,60.24612703],[11.06250301,60.24605557999999],[11.06256403,60.24578490999999],[11.062529500000002,60.245696590000016],[11.06249927,60.24565941],[11.062409929999998,60.245583169999996],[11.06230148,60.24548321000001],[11.062189939999998,60.24541129],[11.06214168,60.24538557],[11.061988689999998,60.245336409999986],[11.0618094,60.24532155999999],[11.0616894,60.245291679999994],[11.061539039999998,60.245238709999995],[11.06149068,60.24521809000001],[11.061269150000001,60.24513036],[11.061157639999998,60.24505717],[11.061117169999998,60.24502638],[11.0609652,60.24492240000001],[11.060879199999999,60.244856969999994],[11.06086913,60.244846719999984],[11.060738010000001,60.244862700000006],[11.06054802,60.24487203],[11.06048232,60.244957160000006],[11.060489180000001,60.24500181999999],[11.060544,60.24508878],[11.060681340000002,60.24515189],[11.06079299,60.24521744],[11.06089419,60.245293139999994],[11.061013479999998,60.245361270000004],[11.06102365,60.24536641],[11.06111188,60.245449699999995],[11.061157289999999,60.24549072],[11.061265999999998,60.24557664999998],[11.06133369,60.24566111999999],[11.06142102,60.245792859999995],[11.061529989999999,60.245864769999976],[11.061625989999998,60.24594427000001],[11.061740119999998,60.24601492],[11.06183635,60.246081669999995],[11.06206641,60.24626379],[11.06220533,60.246380469999984],[11.06227298,60.246467489999986],[11.06229061,60.246485420000006],[11.062340300000002,60.24657236],[11.06243025,60.24670156],[11.062536620000001,60.24677601],[11.062609960000001,60.24683245],[11.06282739,60.24700431],[11.0631234,60.247227540000004],[11.06322428,60.24732109],[11.06329739,60.24739028],[11.06340117,60.24746599],[11.06346948,60.247517300000005],[11.06358283,60.24758587000001],[11.063668519999998,60.24766802999999],[11.06372188,60.24770657999999],[11.06408216,60.24799685],[11.064096119999999,60.248086359999995],[11.06406235,60.24814471999999],[11.064116890000001,60.24818437999999],[11.064169615898901,60.24821995301857],[11.064169726192452,60.248220027421056],[11.064172548685233,60.24822176664723],[11.064226309999999,60.24825488999997],[11.064267386288755,60.248284534689816],[11.06427931440323,60.24829314192561],[11.06432534493138,60.24832970073486],[11.06438847401132,60.24836231098356],[11.06445065567504,60.24839709159275],[11.064511703760399,60.24843395564104],[11.064572221168998,60.248465259151715],[11.064637753766348,60.2484958558816],[11.06470233867183,60.24852574877369],[11.064710777480649,60.248530489895835],[11.06473812,60.24854585],[11.06475854,60.24855730000001],[11.064796095654772,60.248577590512994],[11.064813157672448,60.248586807987486],[11.06482061364111,60.248591612481505],[11.0648318,60.248598819999984],[11.06487056316998,60.24859444201107],[11.064906443328082,60.248590386417526],[11.064922718325551,60.248587708081246],[11.06493777649109,60.24858555442822],[11.06495513,60.24858306999999]]]}},{"type":"Feature","properties":{"BESTANDNR":"S1","TEIG":null,"AREAL_DAA":1.5,"TRESLAG":"L","BONITET":11,"ALDER":83,"VOLUM_DAA":9.3,"TREANTALL":154,"MIDDELHOYDE":14.0,"MILJOFIGUR":null,"MERKNAD":"Ikke med i tidligere plan – data fra SR16","KILDE":"SR16","PLAN_HOGSTKLASSE":null,"PLAN_REGISTRERT":null,"SR16_ALDER":83,"SR16_BONITET":11,"SR16_VOLUM_MB_DAA":11.0,"SR16_VOLUM_USIKKERHET_PST":23,"SR16_DEKNING_PST":100},"geometry":{"type":"MultiPolygon","coordinates":[[[[11.0619965,60.246286500000004],[11.062060499999998,60.24633599999999],[11.0621195,60.2463605],[11.062170313652093,60.246359872676734],[11.062058699611665,60.246266127070754],[11.061828849564245,60.24608417324054],[11.06173292439838,60.246017634678736],[11.061618949300883,60.24594708055868],[11.061618247921187,60.24594658022039],[11.061522492111322,60.24586728242556],[11.061413807579562,60.2457955607971],[11.061413258917765,60.24579515438016],[11.061412802532605,60.24579472068386],[11.061412443850339,60.24579426486465],[11.061325199772956,60.2456626544304],[11.061257916801717,60.24557869233357],[11.061149646213352,60.24549310965053],[11.06114937906077,60.24549288414847],[11.061103969067558,60.24545186414575],[11.061103890372799,60.245451791485316],[11.061016279968468,60.24536908637267],[11.061007042428841,60.24536441764509],[11.061006668979807,60.24536421703336],[11.060887378982988,60.24529608702727],[11.060886669596574,60.24529562447596],[11.060785759909987,60.2452201416251],[11.060674805486956,60.24515499999226],[11.060537870773041,60.24509207622209],[11.060537214360757,60.24509174143546],[11.06053663155471,60.24509137452512],[11.060536128676798,60.24509097947103],[11.060535711181915,60.245090560558516],[11.060535383598772,60.245090122331646],[11.060480563619228,60.24500316232801],[11.060480312832803,60.245002667522044],[11.060480176633206,60.245002161763914],[11.060473316645375,60.24495750176338],[11.060473291118209,60.24495710479705],[11.060473336277225,60.24495670826287],[11.06047345176887,60.24495631526532],[11.06047363668897,60.24495592888109],[11.060473889589806,60.2449555521352],[11.060537986357076,60.24487249953844],[11.060500241299506,60.24484217170638],[11.060499881951689,60.244841854978986],[11.060499575354,60.244841524831315],[11.060457931177575,60.24479144515833],[11.060440999999999,60.244806000000004],[11.0604545,60.245021],[11.060332999999998,60.24499349999999],[11.0603905,60.24504299999999],[11.0604595,60.245102],[11.0605345,60.245166],[11.0606515,60.24526050000001],[11.060736000000002,60.245321000000004],[11.0608205,60.2453945],[11.0608585,60.245424500000006],[11.0609335,60.245485],[11.060985,60.245532],[11.0610605,60.2456005],[11.061157,60.24569049999999],[11.061201765599398,60.24573109724571],[11.061230162270048,60.24575115100039],[11.061248788321457,60.2457600232033],[11.061283039448972,60.24578751464036],[11.061328702022701,60.24583270274515],[11.06137931603349,60.245877481011796],[11.061379999999998,60.245878000000005],[11.0614265,60.245910499999994],[11.061457500000001,60.24592850000001],[11.0614745,60.24593300000001],[11.061502500000001,60.24595599999999],[11.061509000000001,60.245974000000004],[11.061514499999998,60.245985499999996],[11.061532,60.24600499999998],[11.061626999999998,60.246089500000004],[11.061701,60.24615149999998],[11.061696279205556,60.24615286022962],[11.061697430976201,60.24615382517041],[11.061747545373654,60.246203704371496],[11.061801326493683,60.24624867637353],[11.061834733067926,60.24627702544991],[11.061913999999998,60.24626800000001],[11.0619965,60.246286500000004]]],[[[11.061466351405084,60.245954205184226],[11.061473835349457,60.245960894360984],[11.061467,60.2459545],[11.061466351405084,60.245954205184226]]]]}},{"type":"Feature","properties":{"BESTANDNR":"S2","TEIG":null,"AREAL_DAA":1.1,"TRESLAG":"L","BONITET":17,"ALDER":32,"VOLUM_DAA":7.8,"TREANTALL":135,"MIDDELHOYDE":11.9,"MILJOFIGUR":null,"MERKNAD":"Ikke med i tidligere plan – data fra SR16","KILDE":"SR16","PLAN_HOGSTKLASSE":null,"PLAN_REGISTRERT":null,"SR16_ALDER":32,"SR16_BONITET":17,"SR16_VOLUM_MB_DAA":9.2,"SR16_VOLUM_USIKKERHET_PST":21,"SR16_DEKNING_PST":100},"geometry":{"type":"Polygon","coordinates":[[[11.0721415,60.227982000000004],[11.072121000000001,60.228061],[11.072094,60.22812400000001],[11.0720715,60.22816549999999],[11.072049,60.22819500000001],[11.07201,60.2282425],[11.071948,60.2283085],[11.0718965,60.228367],[11.071835499999999,60.228445999999984],[11.071753499999998,60.228564500000005],[11.071708500000002,60.2286405],[11.071684499999998,60.22869899999999],[11.0715715,60.228924],[11.071543999999998,60.22899249999998],[11.071539,60.229024499999994],[11.071537999999999,60.22903800000001],[11.071565999999999,60.22906050000001],[11.071592,60.2290845],[11.071615758561686,60.229131047388314],[11.071619118802507,60.229120498088555],[11.071740795637046,60.22885093654027],[11.07181616526022,60.228726078344195],[11.072031878723513,60.22840142569564],[11.072179978571723,60.22823582093029],[11.07230218632053,60.2280291239541],[11.072280107239573,60.22789346553453],[11.0721395,60.22792750000001],[11.0721415,60.227982000000004]]]}},{"type":"Feature","properties":{"BESTANDNR":"S3","TEIG":null,"AREAL_DAA":2.3,"TRESLAG":"L","BONITET":17,"ALDER":57,"VOLUM_DAA":8.5,"TREANTALL":109,"MIDDELHOYDE":11.3,"MILJOFIGUR":null,"MERKNAD":"Ikke med i tidligere plan – data fra SR16","KILDE":"SR16","PLAN_HOGSTKLASSE":null,"PLAN_REGISTRERT":null,"SR16_ALDER":57,"SR16_BONITET":17,"SR16_VOLUM_MB_DAA":9.9,"SR16_VOLUM_USIKKERHET_PST":25,"SR16_DEKNING_PST":100},"geometry":{"type":"Polygon","coordinates":[[[11.060415999999998,60.242111499999986],[11.060993499999999,60.2421025],[11.0610665,60.24189499999999],[11.0611005,60.24187249999999],[11.061192000000002,60.24181200000002],[11.06118963580886,60.2417563671051],[11.061183130634166,60.241725548483224],[11.06118308171322,60.241725038431426],[11.061184221730066,60.24166383843141],[11.061184235892803,60.2416636252682],[11.061185299359341,60.241654323459095],[11.0611685,60.241259],[11.06122262621243,60.24120659220473],[11.061175419110508,60.24119534815022],[11.061089505534753,60.24117488433415],[11.061036710684446,60.24118710933226],[11.060928017250243,60.24121226867023],[11.06090924583677,60.241224852203636],[11.060836391804813,60.24131057803249],[11.060773583253434,60.24140390298601],[11.060764327198699,60.24149329280612],[11.060778745376814,60.241536230856816],[11.060778782528743,60.24153635158781],[11.06081486256312,60.24166531158517],[11.060814934348617,60.24166567737904],[11.06081494570155,60.2416660448665],[11.060814896545804,60.24166641158384],[11.06079526657032,60.24175685158506],[11.060795128755842,60.2417572858533],[11.060794906153234,60.241757711336014],[11.060794600897866,60.241758123951584],[11.060794215917982,60.24175851974191],[11.060793754906602,60.24175889491026],[11.060788951279273,60.24176240525394],[11.060710772475241,60.24184461853534],[11.060710209500908,60.24184512365063],[11.06065305104169,60.24188942271266],[11.060507468685124,60.24201215808269],[11.060431732066387,60.242095743646786],[11.060431318863888,60.24209614462129],[11.060416054877306,60.24210928661753],[11.060415999999998,60.242111499999986]]]}},{"type":"Feature","properties":{"BESTANDNR":"S4","TEIG":null,"AREAL_DAA":1.0,"TRESLAG":"L","BONITET":20,"ALDER":25,"VOLUM_DAA":3.1,"TREANTALL":116,"MIDDELHOYDE":8.1,"MILJOFIGUR":null,"MERKNAD":"Ikke med i tidligere plan – data fra SR16","KILDE":"SR16","PLAN_HOGSTKLASSE":null,"PLAN_REGISTRERT":null,"SR16_ALDER":25,"SR16_BONITET":20,"SR16_VOLUM_MB_DAA":3.6,"SR16_VOLUM_USIKKERHET_PST":49,"SR16_DEKNING_PST":100},"geometry":{"type":"MultiPolygon","coordinates":[[[[11.068850499999998,60.226891],[11.068688000000002,60.22689350000001],[11.0685365,60.226997000000004],[11.068491300500598,60.227000748879185],[11.0679386910408,60.2273320992265],[11.067832100588202,60.22748506658602],[11.0678515,60.227492500000004],[11.0679315,60.2275085],[11.067985953842033,60.227517364581445],[11.06807731450114,60.227380416363324],[11.068077616498494,60.22738002564745],[11.068077990357969,60.22737965062279],[11.068078432828363,60.22737929455075],[11.068078940061806,60.22737896052779],[11.06882454011891,60.22693284055072],[11.068852101982461,60.226916349114894],[11.068850499999998,60.226891]]],[[[11.067767999999997,60.22771899999999],[11.067776882991627,60.227830754086796],[11.067970142862764,60.22754106487472],[11.067954,60.2275395],[11.067848999999999,60.22751549999999],[11.067818973214116,60.22750390550367],[11.06769323829223,60.227684344849884],[11.067767999999997,60.22771899999999]]],[[[11.067783500000003,60.227914000000006],[11.067803921429055,60.227914000027816],[11.067805542741475,60.22789118904487],[11.067781273718468,60.22788599210347],[11.067783500000003,60.227914000000006]]]]}},{"type":"Feature","properties":{"BESTANDNR":"S5","TEIG":null,"AREAL_DAA":1.1,"TRESLAG":"L","BONITET":17,"ALDER":36,"VOLUM_DAA":5.5,"TREANTALL":85,"MIDDELHOYDE":11.2,"MILJOFIGUR":null,"MERKNAD":"Ikke med i tidligere plan – data fra SR16","KILDE":"SR16","PLAN_HOGSTKLASSE":null,"PLAN_REGISTRERT":null,"SR16_ALDER":36,"SR16_BONITET":17,"SR16_VOLUM_MB_DAA":6.4,"SR16_VOLUM_USIKKERHET_PST":34,"SR16_DEKNING_PST":100},"geometry":{"type":"Polygon","coordinates":[[[11.068578499999997,60.235178499999996],[11.068523,60.235068999999974],[11.068442,60.234924],[11.068354999999999,60.234783],[11.0682865,60.2346595],[11.0682,60.234508000000005],[11.068124,60.234346499999994],[11.068036499999998,60.234183999999985],[11.067991499999998,60.23409000000001],[11.067971,60.23404649999999],[11.067892,60.233888000000015],[11.067828,60.2337625],[11.0677615,60.2336165],[11.067691,60.233485499999986],[11.067582499999999,60.233262499999995],[11.067535,60.23315049999999],[11.067473,60.233031499999996],[11.0674305,60.23292950000001],[11.067398499999998,60.232921000000005],[11.067379999999998,60.2329225],[11.067371459964223,60.2329269077658],[11.067469482311227,60.23317383136485],[11.06771692444834,60.23369829094511],[11.06793654213231,60.23416803489124],[11.068168334196647,60.2345757932047],[11.068381755167223,60.23495850857422],[11.068559132660095,60.235258379296496],[11.068559859511492,60.23525830451004],[11.068559860983408,60.23525830435861],[11.068560745361117,60.2352582358975],[11.068561639025601,60.23525821132315],[11.068562533191212,60.235258230877136],[11.068563419067385,60.23525829436723],[11.068564287945044,60.23525840116926],[11.068565131282217,60.23525855023323],[11.068615917094146,60.23526896412825],[11.068578499999997,60.235178499999996]]]}},{"type":"Feature","properties":{"BESTANDNR":"S6","TEIG":null,"AREAL_DAA":3.7,"TRESLAG":"L","BONITET":17,"ALDER":49,"VOLUM_DAA":6.7,"TREANTALL":123,"MIDDELHOYDE":11.5,"MILJOFIGUR":null,"MERKNAD":"Ikke med i tidligere plan – data fra SR16","KILDE":"SR16","PLAN_HOGSTKLASSE":null,"PLAN_REGISTRERT":null,"SR16_ALDER":49,"SR16_BONITET":17,"SR16_VOLUM_MB_DAA":7.9,"SR16_VOLUM_USIKKERHET_PST":17,"SR16_DEKNING_PST":100},"geometry":{"type":"Polygon","coordinates":[[[11.06527704,60.228144920000005],[11.065197749999998,60.22805266999999],[11.06509399,60.22801363],[11.065081349999998,60.22796829999998],[11.06501039,60.22795721],[11.064902329999999,60.227954],[11.06486308,60.2279798],[11.06464481,60.227991299999985],[11.06465206,60.22808141],[11.064575719999999,60.2281151],[11.064574649999999,60.22812406],[11.06455664,60.22812351999998],[11.064462279999999,60.22815668],[11.0642631,60.22815975],[11.064222770000002,60.22819452000001],[11.06411041,60.22822714000001],[11.064098580000001,60.22832567],[11.064166320000002,60.22836364],[11.064141850000002,60.22841686],[11.06417465,60.22844479999999],[11.06431981,60.22844012000001],[11.06433566,60.228458569999994],[11.064532700000003,60.22847341],[11.064574099999998,60.22842968999999],[11.064682160000002,60.22843290000001],[11.06472033,60.228416059999994],[11.064753400000003,60.22829118],[11.064771409999999,60.228291719999994],[11.06477356,60.22827379999999],[11.06484668,60.228266979999994],[11.06486899,60.22823168999997],[11.06506092,60.2281385],[11.06517006,60.22813274999999],[11.06524721,60.22824291999997],[11.06535419,60.22825508999999],[11.065348819999999,60.22829988],[11.06543779,60.22831150999999],[11.06563779,60.22845229000001],[11.06563671,60.22846124999999],[11.06565472,60.22846178000001],[11.065655799999998,60.228452829999995],[11.06567381,60.228453359999996],[11.06567488,60.2284444],[11.06576709,60.22842916],[11.06576816,60.22842019999999],[11.065769239999998,60.22841124999999],[11.065787249999998,60.22841177999999],[11.065845579999998,60.22837754999999],[11.06584665,60.2283686],[11.06584773,60.22835964],[11.065865740000001,60.22836017000002],[11.065866809999997,60.22835120999999],[11.06592514,60.228316989999996],[11.06592622,60.22830803000001],[11.065927289999998,60.228299069999984],[11.065945310000002,60.22829961000001],[11.06594746,60.22828169],[11.06596547,60.22828223],[11.065966540000002,60.22827327000001],[11.06596762,60.228264309999986],[11.06598563,60.228264849999995],[11.065986700000002,60.228255890000014],[11.0661246,60.22816109],[11.06612567,60.228152140000006],[11.066126749999999,60.22814317999998],[11.066144760000002,60.22814371],[11.06626572,60.22803942999999],[11.066266800000001,60.22803046999999],[11.066267869999999,60.22802150999999],[11.06628588,60.22802204999999],[11.066288029999999,60.228004129999995],[11.066306040000002,60.228004670000004],[11.06630712,60.227995709999995],[11.06630819,60.22798675000001],[11.0663262,60.22798728999999],[11.06632728,60.227978330000006],[11.06638561,60.2279441],[11.06638668,60.22793514],[11.066387760000001,60.22792619],[11.066405769999998,60.227926719999985],[11.066406839999999,60.22791775999999],[11.066523500000002,60.22784931],[11.066524579999998,60.22784035000001],[11.06652565,60.22783139],[11.066543659999999,60.227831929999994],[11.066545809999997,60.22781401000001],[11.06656382,60.227814550000005],[11.0665649,60.227805589999996],[11.06656597,60.22779663],[11.06658398,60.22779717000001],[11.066585050000002,60.227788210000014],[11.066586129999997,60.22777925],[11.06660414,60.22777978],[11.066608439999998,60.22774394999999],[11.06662645,60.22774449],[11.06662967,60.227717609999985],[11.06663075,60.22770866000001],[11.06664876,60.227709189999985],[11.06665306,60.22767335999999],[11.066635050000002,60.22767283000002],[11.0666372,60.22765490999999],[11.0666458,60.22758325000001],[11.06662779,60.22758270999999],[11.06662886,60.22757375],[11.06663746,60.22750209000001],[11.066619449999997,60.22750156000001],[11.06662053,60.2274926],[11.06657804,60.22694297000001],[11.06656003,60.22694243],[11.06654202,60.22694190000001],[11.06651003,60.22705781],[11.0665439,60.227076800000006],[11.06656998,60.227311309999976],[11.06648989,60.22767751000001],[11.06608051,60.227926049999986],[11.06575257,60.22824894],[11.0657652,60.22829425999999],[11.06572811,60.22830214999998],[11.06565607,60.22830001],[11.0655851,60.22828891],[11.06555445,60.22824305],[11.06548241,60.22824091],[11.065455,60.22816818],[11.065386179999999,60.22813917],[11.06527704,60.228144920000005]]]}},{"type":"Feature","properties":{"BESTANDNR":"S7","TEIG":null,"AREAL_DAA":4.9,"TRESLAG":"G","BONITET":null,"ALDER":90,"VOLUM_DAA":5.5,"TREANTALL":89,"MIDDELHOYDE":12.9,"MILJOFIGUR":null,"MERKNAD":"Ikke med i tidligere plan – data fra SR16","KILDE":"SR16","PLAN_HOGSTKLASSE":null,"PLAN_REGISTRERT":null,"SR16_ALDER":90,"SR16_BONITET":null,"SR16_VOLUM_MB_DAA":6.4,"SR16_VOLUM_USIKKERHET_PST":30,"SR16_DEKNING_PST":100},"geometry":{"type":"Polygon","coordinates":[[[11.061763,60.24399499999999],[11.061765,60.244031000000014],[11.062157028539154,60.2440003464451],[11.062181090613441,60.2439777592131],[11.062181542114624,60.24397738135761],[11.062182065781153,60.243977027263405],[11.062182656592947,60.243976700324936],[11.062183308886238,60.24397640367641],[11.062184016407885,60.24397614016159],[11.062184772375295,60.24397591230664],[11.062185569541459,60.24397572229587],[11.062186400264425,60.24397557195081],[11.06218725658055,60.24397546271274],[11.06218813028084,60.24397539562882],[11.06218901298965,60.243975371342174],[11.06218989624499,60.24397539008558],[11.06219077157961,60.24397545167944],[11.062191630602207,60.243975555533225],[11.062289695598185,60.243989972647505],[11.062340499999998,60.24398600000001],[11.062415,60.24402050000001],[11.062415326653952,60.24402572647566],[11.062543708805997,60.24407336472297],[11.06271316703583,60.24412368214362],[11.062855,60.244121500000006],[11.06285,60.244041],[11.06287,60.24401749999999],[11.06288108320444,60.24400477130416],[11.062807444243589,60.24397879817274],[11.062761772084615,60.243964638807775],[11.062761218236755,60.243964452599016],[11.062760693624854,60.243964246526275],[11.06262071362061,60.24390494652013],[11.062619972192554,60.24390459439853],[11.06261931585224,60.24390420275733],[11.062533378124357,60.243846558426995],[11.062440770659483,60.24379332145747],[11.062405368457304,60.24378372430753],[11.062229589457962,60.24377166719376],[11.062102845018511,60.24378994110162],[11.062102167141708,60.24379002485208],[11.061924837119077,60.24380834485467],[11.061923876256984,60.24380841756001],[11.061922905241824,60.2438084385004],[11.061921935324616,60.24380840743319],[11.06175795530259,60.243798727432],[11.061757059417374,60.243798651651325],[11.061756183392287,60.24379853148584],[11.0617553361012,60.24379836815277],[11.061754526126927,60.243798163306586],[11.061753761674264,60.24379791902241],[11.061753050486892,60.24379763777469],[11.061658910484558,60.2437563977705],[11.061658271671618,60.24375608877574],[11.0616576972509,60.243755749976025],[11.061657192819617,60.243755384672546],[11.061656763292989,60.24375499642491],[11.061656412856374,60.24375458901625],[11.061656144924452,60.243754166416394],[11.061655962107979,60.24375373274316],[11.061655866188335,60.24375329222235],[11.06164700620892,60.24367802222164],[11.061646996977732,60.243677593837205],[11.061647069936509,60.243677166966336],[11.061647224420673,60.24367674549736],[11.061647459023037,60.243676333269406],[11.061647771606625,60.243675934037434],[11.061648159324141,60.24367555143802],[11.061648618643892,60.24367518895619],[11.06164914538197,60.24367484989381],[11.061649734740358,60.243674537339324],[11.061650381350647,60.2436742541398],[11.061859691342947,60.24359105414872],[11.06185975375184,60.24359102956476],[11.061911423749795,60.243570859566915],[11.061911856433142,60.24357070078711],[11.062061109325324,60.24351927174489],[11.062117975056319,60.24349387961511],[11.0621215,60.24346849999999],[11.0621375,60.243463],[11.062224499999997,60.243432999999996],[11.06241509800674,60.24341725083504],[11.06254297419216,60.24339825583057],[11.0626615,60.243342999999996],[11.062641499999998,60.2432375],[11.062611499999997,60.243191],[11.0625645,60.243168000000004],[11.062496499999998,60.243164],[11.062407499999999,60.243178999999984],[11.0623635,60.243199499999996],[11.062366000000003,60.24324000000001],[11.062277499999999,60.243268500000006],[11.06211008062548,60.243279999564976],[11.062011135195245,60.24329826349152],[11.062010044277363,60.2432986576433],[11.061939,60.243345500000004],[11.061851849154708,60.243346908947665],[11.061778944776346,60.24336603968719],[11.061778089327353,60.24336623650454],[11.061735604103076,60.24337470248203],[11.061633801689634,60.243415890382856],[11.06163359382704,60.24341628571082],[11.061633289025258,60.24341669663253],[11.061632905121286,60.24341709083105],[11.061632445769902,60.24341746455359],[11.061631915344146,60.2434178142423],[11.061515205348888,60.24348741424834],[11.061514440340542,60.24348781707087],[11.061514365283616,60.24348785199858],[11.0615165,60.243522500000005],[11.061447,60.243568499999995],[11.06136282703883,60.24356995629876],[11.061328121280612,60.24359588330816],[11.061332177350858,60.24364527233015],[11.061353555791754,60.243734458851726],[11.061353618058604,60.24373491779142],[11.061353585521497,60.243735377489394],[11.061353458522108,60.24373583311833],[11.061337298533095,60.24377784311934],[11.061337083440169,60.243778281520854],[11.06133678089317,60.243778706970964],[11.061336393949716,60.24377911516996],[11.061335926520364,60.243779501992464],[11.061335383329084,60.24377986352914],[11.061334769865516,60.24378019612621],[11.061334092329494,60.243780496422325],[11.061233302325894,60.24382083642664],[11.061232521367467,60.24382111624349],[11.061231684923374,60.24382135313644],[11.06123080250132,60.24382154441276],[11.061229884131654,60.24382168789827],[11.061191314126901,60.24382660789894],[11.061190614242602,60.24382668261269],[11.061008214218838,60.24384242261491],[11.061007160747039,60.24384248211339],[11.06100610050866,60.24384247981108],[11.060911492802404,60.24383950742363],[11.060846049411623,60.24383920321857],[11.06064184305809,60.24386106402497],[11.06053162526088,60.24387834097861],[11.06053079189817,60.24387845017104],[11.060529941390904,60.24387851936791],[11.060529081487411,60.24387854793887],[11.060346931462504,60.24388026793923],[11.060346120502299,60.24388025747633],[11.060345314704183,60.243880210870756],[11.060344520572638,60.24388012849878],[11.060343744517976,60.2438800110253],[11.060261934508672,60.24386560102347],[11.060260837780051,60.2438653661998],[11.060260246357103,60.243865215791],[11.060229000000001,60.243874999999996],[11.0601745,60.243876],[11.060113499999998,60.243841],[11.060097068798209,60.24382371684188],[11.06009234776468,60.24382251619469],[11.06009159595123,60.24382230176342],[11.0600908889599,60.24382205248325],[11.060090233305603,60.24382177065135],[11.06008963503018,60.24382145886476],[11.060051565031232,60.24379960886281],[11.060050950566293,60.24379921376012],[11.060050428192737,60.24379878716869],[11.060000087331813,60.243752000163575],[11.059958,60.24373549999999],[11.0597955,60.243738],[11.059800594052836,60.24381751180234],[11.059814573785433,60.24385401004296],[11.059823369202038,60.243862962674356],[11.05995495352181,60.24392332218138],[11.060077719297674,60.243933858377524],[11.060259085856456,60.243947411504045],[11.06045841558822,60.24395341252919],[11.060483833751451,60.243953531444554],[11.060668492604503,60.243954371439465],[11.060669301512814,60.24395439318502],[11.060897142513324,60.24396563139677],[11.060976933853857,60.24396744596933],[11.061106978551313,60.243970412199076],[11.061299173999352,60.24397129144632],[11.061409453984258,60.243971801446314],[11.061410417801838,60.24397183157818],[11.061411369633387,60.24397191271091],[11.06158798961092,60.243991852708376],[11.061588889924085,60.24399197905652],[11.061589759108244,60.243992151036096],[11.061607802716056,60.24399627157822],[11.061763,60.24399499999999]]]}},{"type":"Feature","properties":{"BESTANDNR":"S8","TEIG":null,"AREAL_DAA":1.2,"TRESLAG":"L","BONITET":null,"ALDER":59,"VOLUM_DAA":4.0,"TREANTALL":144,"MIDDELHOYDE":9.1,"MILJOFIGUR":null,"MERKNAD":"Ikke med i tidligere plan – data fra SR16","KILDE":"SR16","PLAN_HOGSTKLASSE":null,"PLAN_REGISTRERT":null,"SR16_ALDER":59,"SR16_BONITET":null,"SR16_VOLUM_MB_DAA":4.7,"SR16_VOLUM_USIKKERHET_PST":20,"SR16_DEKNING_PST":100},"geometry":{"type":"Polygon","coordinates":[[[11.059526,60.244301500000006],[11.0597635,60.2445065],[11.060133499999997,60.2448145],[11.0602585,60.244929000000006],[11.060332999999998,60.24499349999999],[11.0604545,60.245021],[11.060440999999999,60.244806000000004],[11.060457931177575,60.24479144515833],[11.060429664427307,60.244757452563654],[11.06008607671895,60.24450120966101],[11.06008580496355,60.244500993980054],[11.06002582563134,60.24445024755689],[11.059892303708995,60.24438645429354],[11.059751329057098,60.24433160061025],[11.059539356948624,60.24429791320735],[11.059521762547607,60.24429784392353],[11.059526,60.244301500000006]]]}},{"type":"Feature","properties":{"BESTANDNR":"S9","TEIG":null,"AREAL_DAA":1.0,"TRESLAG":"G","BONITET":17,"ALDER":52,"VOLUM_DAA":13.3,"TREANTALL":128,"MIDDELHOYDE":15.8,"MILJOFIGUR":null,"MERKNAD":"Ikke med i tidligere plan – data fra SR16","KILDE":"SR16","PLAN_HOGSTKLASSE":null,"PLAN_REGISTRERT":null,"SR16_ALDER":52,"SR16_BONITET":17,"SR16_VOLUM_MB_DAA":15.6,"SR16_VOLUM_USIKKERHET_PST":25,"SR16_DEKNING_PST":100},"geometry":{"type":"MultiPolygon","coordinates":[[[[11.0626365,60.2429485],[11.062609303330172,60.24295962597779],[11.062621250005543,60.2430041123021],[11.062628521284806,60.24301656899189],[11.062628726890528,60.24301699945932],[11.062628846255409,60.24301743789848],[11.06262887821979,60.24301788004983],[11.062628822473128,60.24301832161778],[11.06262867955701,60.24301875831241],[11.062628450859894,60.24301918589116],[11.062628138603618,60.24301960019998],[11.062627745821805,60.24301999721377],[11.062627276330423,60.24302037307552],[11.062523286339491,60.24309513308127],[11.062522744055842,60.243095484514775],[11.0625221347432,60.243095807667466],[11.062521464334345,60.24309609939285],[11.062520739356946,60.24309635685049],[11.062446614379978,60.243120024931414],[11.062332421035547,60.24317327201001],[11.062319969082823,60.243191288612465],[11.06231961108197,60.24319172919987],[11.062319161401746,60.24319214850433],[11.062318625081387,60.243192541827014],[11.062318008131038,60.243192904760285],[11.062193678132822,60.2432586447664],[11.062192898749956,60.24325901068115],[11.062192037626732,60.24325932809538],[11.062153327624248,60.24327189809683],[11.062152455487102,60.243272147980235],[11.062151532819982,60.24327234804842],[11.06211008062548,60.243279999564976],[11.062277499999999,60.243268500000006],[11.062366000000003,60.24324000000001],[11.0623635,60.243199499999996],[11.062407499999999,60.243178999999984],[11.062496499999998,60.243164],[11.0625645,60.243168000000004],[11.062611499999997,60.243191],[11.062641499999998,60.2432375],[11.0626615,60.243342999999996],[11.06254297419216,60.24339825583057],[11.062551165067953,60.24339703913528],[11.062552210688793,60.24339691696484],[11.062553278093372,60.243396857387545],[11.062720078070663,60.24339251738826],[11.062720644344054,60.24339251149773],[11.062728344343,60.24339255149772],[11.06272917767763,60.243392575007285],[11.062730003084685,60.243392636672965],[11.062730813510566,60.243392735967795],[11.06273160202968,60.24339287204321],[11.06273236190366,60.24339304373634],[11.06289525166088,60.24343446652413],[11.063023211035828,60.24345758107005],[11.063120372493522,60.24345331612217],[11.063141153027884,60.243418926184],[11.06308987863817,60.243383488691386],[11.062931747095009,60.243361492726926],[11.0629309788232,60.24336136716345],[11.062930236232805,60.24336120792825],[11.062929525281252,60.243361016298856],[11.062928851672142,60.24336079381254],[11.062793821664973,60.24331172380717],[11.06279311294032,60.24331143784378],[11.062792465912912,60.24331111776843],[11.062791887195209,60.24331076685227],[11.062791382701555,60.24331038868156],[11.062790957587751,60.24330998712109],[11.062790616198349,60.243309566274704],[11.06279036202226,60.243309130443386],[11.062790197657096,60.24330868408119],[11.062768627678954,60.24322697407964],[11.062768557564176,60.243226562235265],[11.062768563945555,60.243226148930646],[11.062768646768985,60.2432257376699],[11.062768805332245,60.24322533193991],[11.062769038290975,60.24322493518061],[11.062769343670032,60.2432245507559],[11.062769718880288,60.243224181925115],[11.062770160740541,60.24322383181536],[11.06285854074818,60.243160481820254],[11.062859056209238,60.24316014707738],[11.06285963256456,60.24315983785126],[11.062862212564557,60.243158577851354],[11.062862964527213,60.24315824929148],[11.063002697395529,60.2431037131623],[11.063021390285511,60.24306902797431],[11.062944289589469,60.243046490281],[11.062856035368123,60.24303602628774],[11.062855140148915,60.24303589550355],[11.062854276859609,60.24303571948663],[11.062853454719637,60.243035500116726],[11.062852682508986,60.243035239736535],[11.062851968474417,60.24303494112684],[11.062851320241416,60.24303460747662],[11.06285074473273,60.243034242349026],[11.062815643884655,60.243009431745584],[11.062754533889438,60.24296622174216],[11.062754108115668,60.24296589079405],[11.06275374217767,60.24296554260578],[11.062753438878367,60.24296517984436],[11.06275320054091,60.242964805288366],[11.062711468257334,60.24288762626414],[11.062663082539517,60.242854185237455],[11.062620626389476,60.24287644239567],[11.0626365,60.2429485]]],[[[11.062224499999997,60.243432999999996],[11.0621375,60.243463],[11.0621215,60.24346849999999],[11.062117975056319,60.24349387961511],[11.062182246506563,60.24346518054952],[11.062182842353804,60.243464936538636],[11.062183477949953,60.24346471872273],[11.06218414864883,60.243464528693934],[11.062331048635876,60.24342694869858],[11.062331898883874,60.2434267581194],[11.062332784141526,60.24342661216107],[11.062333694963094,60.243426512380985],[11.062376807037129,60.2434229386301],[11.06241509800674,60.24341725083504],[11.062224499999997,60.243432999999996]]],[[[11.061939,60.243345500000004],[11.062010044277363,60.2432986576433],[11.061942418210423,60.24332309110072],[11.061941324790313,60.24332342968197],[11.061851849154708,60.243346908947665],[11.061939,60.243345500000004]]]]}},{"type":"Feature","properties":{"BESTANDNR":"S10","TEIG":null,"AREAL_DAA":1.9,"TRESLAG":"L","BONITET":20,"ALDER":39,"VOLUM_DAA":5.9,"TREANTALL":108,"MIDDELHOYDE":13.1,"MILJOFIGUR":null,"MERKNAD":"Ikke med i tidligere plan – data fra SR16","KILDE":"SR16","PLAN_HOGSTKLASSE":null,"PLAN_REGISTRERT":null,"SR16_ALDER":39,"SR16_BONITET":20,"SR16_VOLUM_MB_DAA":6.8,"SR16_VOLUM_USIKKERHET_PST":37,"SR16_DEKNING_PST":100},"geometry":{"type":"Polygon","coordinates":[[[11.061534,60.229159499999994],[11.061530499999998,60.2291485],[11.061505,60.22907499999999],[11.061478,60.228975],[11.061468000000001,60.228886],[11.061469,60.228874],[11.0614615,60.228847],[11.061533500000001,60.2286305],[11.0616665,60.2284445],[11.061751,60.22840349999998],[11.061798,60.228366999999984],[11.0618735,60.22832050000001],[11.061935,60.228190500000004],[11.061942999999998,60.22816549999999],[11.061950499999998,60.228156999999996],[11.0619805,60.22814],[11.062015,60.228121499999986],[11.062031,60.2281065],[11.062012000000001,60.228093],[11.061958499999998,60.228079999999984],[11.0619235,60.22806550000001],[11.0618785,60.22802200000001],[11.06183,60.227951],[11.0618035,60.2278415],[11.061812999999999,60.2276835],[11.061821500000002,60.2276625],[11.0618275,60.227595],[11.0618345,60.22757750000001],[11.0618475,60.227569500000016],[11.061863499999998,60.227557000000004],[11.061887499999997,60.227498],[11.061902,60.2274825],[11.0619275,60.22740950000001],[11.0619455,60.22735749999999],[11.061934,60.22733600000001],[11.061893,60.2273275],[11.061841198009768,60.22732610934699],[11.061815902337836,60.22734813394258],[11.061744455564222,60.22740663873453],[11.061698378143811,60.22748666503178],[11.061674304368237,60.22760075000769],[11.061615671065708,60.227702258504614],[11.061585779081783,60.22776972801173],[11.061582705989363,60.22782717009421],[11.061570618087993,60.22788196788515],[11.061551696798174,60.22797172162983],[11.061665179238707,60.22811950658741],[11.061730696193397,60.228182169998604],[11.0616756755543,60.228349818938426],[11.061631457404493,60.22839909820349],[11.061597973647508,60.22844964773607],[11.061574017836762,60.22849951027556],[11.061559482860337,60.228552729345445],[11.06153163674642,60.228603909797584],[11.061491251823892,60.2286538479918],[11.06144017730822,60.22870035952521],[11.061391899207747,60.22873676786017],[11.061363506230844,60.22875912488452],[11.061323216778495,60.22880484004753],[11.06128985045971,60.22886014806996],[11.061283608276156,60.22891602263188],[11.061290823945308,60.22897052043512],[11.061311288981972,60.22902032141656],[11.06134974484659,60.22907478288451],[11.061412410460642,60.22912653285248],[11.061458793179897,60.22915689816648],[11.061476999999998,60.22915749999999],[11.061534,60.229159499999994]]]}},{"type":"Feature","properties":{"BESTANDNR":"S11","TEIG":null,"AREAL_DAA":1.0,"TRESLAG":"L","BONITET":17,"ALDER":74,"VOLUM_DAA":16.1,"TREANTALL":92,"MIDDELHOYDE":21.7,"MILJOFIGUR":null,"MERKNAD":"Ikke med i tidligere plan – data fra SR16","KILDE":"SR16","PLAN_HOGSTKLASSE":null,"PLAN_REGISTRERT":null,"SR16_ALDER":74,"SR16_BONITET":17,"SR16_VOLUM_MB_DAA":18.6,"SR16_VOLUM_USIKKERHET_PST":12,"SR16_DEKNING_PST":100},"geometry":{"type":"Polygon","coordinates":[[[11.0627335,60.22599749999999],[11.062766500000002,60.226032000000004],[11.062803,60.226083499999994],[11.062813953017148,60.226102714243474],[11.062923240824553,60.22624222181474],[11.062946346536151,60.226274042397115],[11.063003,60.22629700000001],[11.063179000000002,60.22629649999998],[11.063102,60.2261115],[11.062860999999998,60.225888499999996],[11.0627685,60.22578400000002],[11.0627295,60.2257305],[11.0626175,60.225626500000004],[11.062596,60.225629500000004],[11.06259350053869,60.225630469182406],[11.06263028117234,60.22568091759112],[11.062404537249371,60.2257149660611],[11.062678245270835,60.225980799260796],[11.062696500000001,60.225980500000006],[11.0627335,60.22599749999999]]]}}]}